system:index,AirT_n,CHI,LST_n,LULC_Heat,NDBI_n,NDVI_n,RH_n,Wind_n,.geo
0,0.6260407222495143,0.4836134949872438,0.5467377930967083,0.5,0.40142882220098675,0.63383290215313,0.3044728308864106,0.6111482788062427,"{""type"":""MultiPoint"",""coordinates"":[]}"
1,0.4340558564685509,0.5171036290556387,0.5700678247660333,0.5,0.6951252011521339,0.5471696327522232,0.45245268500377095,0.6404316765510948,"{""type"":""MultiPoint"",""coordinates"":[]}"
2,0.3280024714109114,0.42103921777147424,0.40867705220838285,0.5,0.45909912065967173,0.6685865676143792,0.5323552680252225,0.5394455540567759,"{""type"":""MultiPoint"",""coordinates"":[]}"
3,0.9004562528409653,0.6893487977481935,0.8952469363371067,0.5,0.7329395727983049,0.34080062450606585,0.12833923201490796,0.5649796714981242,"{""type"":""MultiPoint"",""coordinates"":[]}"
4,0.5239389266338486,0.5644182177656534,0.731374839543571,0.5,0.5685105795721436,0.4385005321001616,0.3715321593363039,0.5358605421288971,"{""type"":""MultiPoint"",""coordinates"":[]}"
5,0.4235693260511759,0.45983777424892347,0.4631405487276742,0.5,0.5199865437618426,0.6269268299135939,0.43250821781888976,0.4843469699607267,"{""type"":""MultiPoint"",""coordinates"":[]}"
6,0.4740272013710763,0.5374583196903784,0.6342193045185411,0.5,0.7087740373625095,0.5405412923319098,0.4260391423482682,0.71535674638969,"{""type"":""MultiPoint"",""coordinates"":[]}"
7,0.6845183597427824,0.5996927850466703,0.8234246398891356,0.3,0.7103762553840475,0.3171582020419912,0.21087655298114635,0.6799064055138523,"{""type"":""MultiPoint"",""coordinates"":[]}"
8,0.8856236176390524,0.5669922748893746,0.6674187946113282,0.2,0.7580608341625891,0.49916009565123964,0.12113443453795421,0.6578741260865552,"{""type"":""MultiPoint"",""coordinates"":[]}"
9,0.5753046698815335,0.5839397438141147,0.6551286094368372,0.5,0.8094438295189451,0.46615518368308323,0.41510068569148123,0.7242893430016579,"{""type"":""MultiPoint"",""coordinates"":[]}"
10,0.6549795361244093,0.5431709407066764,0.6589369234117594,0.5,0.5537771671796481,0.49967284755564223,0.22519916245453966,0.6635680787596447,"{""type"":""MultiPoint"",""coordinates"":[]}"
11,0.4074006967239612,0.5474955600694884,0.6770113870394142,0.5,0.6681056316106451,0.5081829318765302,0.47227962258340284,0.4972587969488269,"{""type"":""MultiPoint"",""coordinates"":[]}"
12,0.19617340452348161,0.4463991465615642,0.4391753538924839,0.5,0.5949834760330514,0.5908581074547627,0.6620152163159209,0.47985210214653046,"{""type"":""MultiPoint"",""coordinates"":[]}"
13,0.6872086197155981,0.5001369832925784,0.5441564248456878,0.1,0.6671885740225741,0.5259753596305358,0.34658019187726197,0.4096523238004399,"{""type"":""MultiPoint"",""coordinates"":[]}"
14,0.8710629733631572,0.653395665490032,0.8369462865163302,0.5,0.6629771267234456,0.33256865901352317,0.08391829541147536,0.5927006691998815,"{""type"":""MultiPoint"",""coordinates"":[]}"
15,0.040117222236180916,0.24658945613330116,0.18532995171871589,0.1,0.3848635608570224,0.7423766822148608,0.6022931380250571,0.3297531190637396,"{""type"":""MultiPoint"",""coordinates"":[]}"
16,0.518173154604167,0.5543684135533832,0.5816326802553093,0.5,0.7263152936581269,0.4836419797784127,0.48735901921671204,0.5798677084765307,"{""type"":""MultiPoint"",""coordinates"":[]}"
17,0.882864516539682,0.5503365061198982,0.5693349441900334,0.5,0.5489677699389671,0.5862797191726355,0.13303621977514304,0.6118189757328488,"{""type"":""MultiPoint"",""coordinates"":[]}"
18,0.5359355396768847,0.5426346766087197,0.582442231414644,0.5,0.6495413089296025,0.5681898573168171,0.5153409443166554,0.5461858843948502,"{""type"":""MultiPoint"",""coordinates"":[]}"
19,0.34139752043814164,0.3776521566121267,0.40905396221889595,0.1,0.5287262462683492,0.5584725156302319,0.4552927781823824,0.5376360245138602,"{""type"":""MultiPoint"",""coordinates"":[]}"
20,0.43354835191236246,0.36876172157657455,0.4219526603564914,0.1,0.4202189912449786,0.6689418419886524,0.4106520903024412,0.5127997482629305,"{""type"":""MultiPoint"",""coordinates"":[]}"
21,0.5368669001689105,0.34402598797953116,0.22768067727048646,0.1,0.28931320692522133,0.7699130145543004,0.6344485877352943,0.3023619945751038,"{""type"":""MultiPoint"",""coordinates"":[]}"
22,0.3995810170134304,0.4785637097852028,0.5147060260550144,0.5,0.6068949166012387,0.560206914603152,0.4183395434190716,0.6375300100602935,"{""type"":""MultiPoint"",""coordinates"":[]}"
23,0.340887957924495,0.34366654846025824,0.3289647728736468,0.1,0.34700091269870387,0.7952213001940002,0.7045393926346981,0.2946836498385571,"{""type"":""MultiPoint"",""coordinates"":[]}"
24,0.9549241145953468,0.5461595345577106,0.5013480560897924,0.5,0.5083957782181661,0.4982328217942041,0.10275859836703606,0.6374849354763005,"{""type"":""MultiPoint"",""coordinates"":[]}"
25,0.37774156834316674,0.36187095548202564,0.4182790964692922,0.1,0.3881490052600119,0.7006872151769532,0.5126895289521384,0.45339428940902154,"{""type"":""MultiPoint"",""coordinates"":[]}"
26,0.8567176330853349,0.6560666831671965,0.870299681530077,0.5,0.7015531625828527,0.3180326491538325,0.09773871656309888,0.8211068992148864,"{""type"":""MultiPoint"",""coordinates"":[]}"
27,0.16057541029210495,0.39676498748668654,0.2756819120632139,0.5,0.4031714501975256,0.7016037231438593,0.8957717056595219,0.1832617673746611,"{""type"":""MultiPoint"",""coordinates"":[]}"
28,0.6733825486507139,0.6773765053597126,0.9559294480298841,0.5,0.8281626082524445,0.32890093837881995,0.25211451799732415,0.756562311552365,"{""type"":""MultiPoint"",""coordinates"":[]}"
29,0.5230440679370639,0.5930029680389325,0.6991036648470503,0.5,0.8497286118343776,0.44801170347250224,0.36066970138276727,0.6021370665285208,"{""type"":""MultiPoint"",""coordinates"":[]}"
30,0.370700658929816,0.3609474380356492,0.27955396443974617,0.2,0.4502388651604786,0.49926402519190144,0.45105605689473116,0.515924356092106,"{""type"":""MultiPoint"",""coordinates"":[]}"
31,0.4498076122155677,0.40547340047390235,0.4206544147647196,0.1,0.5364874815781052,0.6506457394532945,0.5294421353239964,0.46008974968354266,"{""type"":""MultiPoint"",""coordinates"":[]}"
32,0.6305317292878098,0.43683560370846775,0.5401418679127103,0.1,0.44327029484627206,0.5752634341410151,0.3162098131292134,0.5978278250606494,"{""type"":""MultiPoint"",""coordinates"":[]}"
33,0.5530141340885173,0.535671245548155,0.5586715318092388,0.5,0.6562107084830744,0.5496233409529125,0.4905420375640079,0.6424588031085757,"{""type"":""MultiPoint"",""coordinates"":[]}"
34,0.6586306833787198,0.6015007788841423,0.8055423538347419,0.5,0.6845166958387825,0.48477567022822515,0.26143242989813725,0.7390825318619134,"{""type"":""MultiPoint"",""coordinates"":[]}"
35,0.202307712632866,0.28876029244531787,0.2297669439768321,0.1,0.2216294352951934,0.8537681809464318,0.825521957552936,0.09125558060785549,"{""type"":""MultiPoint"",""coordinates"":[]}"
36,0.8941563355059253,0.5887017575922064,0.6537941957127442,0.5,0.6330276197190333,0.49919031754542664,0.12502964952014922,0.7223226918498398,"{""type"":""MultiPoint"",""coordinates"":[]}"
37,0.7809384876396759,0.6554961981840342,0.8413069259435281,0.5,0.849985002841953,0.43046798185354684,0.17209825796892683,0.7535801773522776,"{""type"":""MultiPoint"",""coordinates"":[]}"
38,0.40418605449392103,0.3389682742491531,0.24730721909575903,0.1,0.25369483803125753,0.7881421293288526,0.8432176502259152,0.24515038435931527,"{""type"":""MultiPoint"",""coordinates"":[]}"
39,0.6490716817326057,0.40997447780511276,0.3604674699376195,0.1,0.18795836016772885,0.8580198631640412,0.8811879659949243,0.10934580668121853,"{""type"":""MultiPoint"",""coordinates"":[]}"
40,0.340887957924495,0.34427288612988416,0.3471499828994529,0.1,0.3232265846498415,0.7989594564889624,0.7045393926346981,0.2946836498385571,"{""type"":""MultiPoint"",""coordinates"":[]}"
41,0.3354663719279792,0.4920582310490559,0.5174714287617875,0.5,0.6976967001172341,0.5349298711544163,0.4627763162598615,0.5368410011023281,"{""type"":""MultiPoint"",""coordinates"":[]}"
42,0.6953127458945613,0.5572042394954488,0.6438872207836045,0.5,0.5664253367869506,0.47191866426299406,0.20718873822852749,0.5264184558792094,"{""type"":""MultiPoint"",""coordinates"":[]}"
43,0.3208743217514465,0.48477613443192,0.5296128169708495,0.5,0.6231479525803071,0.5805748177007822,0.48813001984549587,0.4205929452519822,"{""type"":""MultiPoint"",""coordinates"":[]}"
44,0.5350618926414975,0.5423479437148447,0.5475032461427531,0.5,0.721798304310794,0.5035816045082446,0.41165074247382516,0.5123381158464033,"{""type"":""MultiPoint"",""coordinates"":[]}"
45,0.712357619203442,0.6104201551419095,0.7324636906850558,0.5,0.6777652456525457,0.362474771348084,0.19074764706082195,0.49318731578396735,"{""type"":""MultiPoint"",""coordinates"":[]}"
46,0.8807853033320987,0.5643279057202543,0.6386654466796063,0.5,0.5319914047149891,0.5624751750689638,0.11940741016449917,0.6397490166573805,"{""type"":""MultiPoint"",""coordinates"":[]}"
47,0.6106009308019412,0.5776379566817021,0.6456278121516038,0.5,0.7863510509017203,0.5179424223747987,0.3829588765619678,0.7068697114112401,"{""type"":""MultiPoint"",""coordinates"":[]}"
48,0.3698992388509775,0.42133331052662737,0.4939348580210453,0.1,0.6426312110219234,0.5534024146668963,0.44567293679247233,0.5350397122935111,"{""type"":""MultiPoint"",""coordinates"":[]}"
49,0.487513991201349,0.4161507049578985,0.3702520072784668,0.1,0.508176945016253,0.6413865462022199,0.6893580185106982,0.3987756817054751,"{""type"":""MultiPoint"",""coordinates"":[]}"
50,0.35800571967625816,0.3885552535989668,0.37284966176451023,0.2,0.5614955276634631,0.6033377795257494,0.4401061502266754,0.4831894399404883,"{""type"":""MultiPoint"",""coordinates"":[]}"
51,0.6426505654036235,0.6517927895849206,0.8720390514304496,0.5,0.8158537063074423,0.36502375415815463,0.30668946250434037,0.7258342626830302,"{""type"":""MultiPoint"",""coordinates"":[]}"
52,0.4740272013710763,0.4726023380811609,0.530712137834849,0.2,0.7333121988362385,0.5171404339254466,0.4260391423482682,0.71535674638969,"{""type"":""MultiPoint"",""coordinates"":[]}"
53,0.5638031034023129,0.35078824008120285,0.22400161677896815,0.1,0.20178776058055992,0.7575095832804073,0.7779852286194032,0.3057702682997069,"{""type"":""MultiPoint"",""coordinates"":[]}"
54,0.7986708975822165,0.5592386408695554,0.6643895548971966,0.2,0.8047275535102776,0.4238215223697803,0.14183666962944352,0.7820715024738988,"{""type"":""MultiPoint"",""coordinates"":[]}"
55,0.6179248706129881,0.5543331628696176,0.6674257744263384,0.5,0.578195238501097,0.5604498507840152,0.4024706652038898,0.6407924415343319,"{""type"":""MultiPoint"",""coordinates"":[]}"
56,0.9601700465739142,0.5989860110232429,0.7355082859922092,0.5,0.5157500187676141,0.47584100171752447,0.04581060092203725,0.7256906505037126,"{""type"":""MultiPoint"",""coordinates"":[]}"
57,0.49682103025736885,0.5927607485947832,0.7033023815145082,0.5,0.7540308488775274,0.43338944335250945,0.4168961169684205,0.37768695057075846,"{""type"":""MultiPoint"",""coordinates"":[]}"
58,0.6780609939633352,0.5611112187190559,0.7410488631467674,0.2,0.788109347739335,0.4154934378843168,0.2060545703002381,0.7407142252559071,"{""type"":""MultiPoint"",""coordinates"":[]}"
59,0.5070752785277153,0.3536920805608069,0.24787886594503902,0.1,0.4118487821370696,0.7058033350431954,0.5792999541596003,0.4763934172639368,"{""type"":""MultiPoint"",""coordinates"":[]}"
60,0.7066002896991842,0.5899131465371182,0.7358576257334362,0.5,0.6757905977358073,0.4799682077283426,0.1998338282660072,0.6745293910043028,"{""type"":""MultiPoint"",""coordinates"":[]}"
61,0.44309243336699267,0.5632640168285423,0.6716532157171051,0.5,0.7090522044467674,0.5124183245283553,0.48586779737305286,0.43941103451234775,"{""type"":""MultiPoint"",""coordinates"":[]}"
62,0.6930049426135688,0.6124755407821779,0.7640613132331576,0.5,0.796537626385064,0.4320995067652295,0.19952357880674587,0.7672765442147287,"{""type"":""MultiPoint"",""coordinates"":[]}"
63,0.2546621035380369,0.24666598768632764,0.15177100115293857,0.1,0.23670850480535585,0.8179778587771257,0.5739942778206717,0.36634201869344646,"{""type"":""MultiPoint"",""coordinates"":[]}"
64,0.2851575858253149,0.48215551442708204,0.5439039882028437,0.3,0.7677419314781712,0.5177212642527269,0.5102063585203763,0.40523597874364864,"{""type"":""MultiPoint"",""coordinates"":[]}"
65,0.3698992388509775,0.40530135755879837,0.48994443432723866,0.1,0.5741991816755839,0.6010978410911606,0.44567293679247233,0.5350397122935111,"{""type"":""MultiPoint"",""coordinates"":[]}"
66,0.5667591338797301,0.5267820275848558,0.6145536757292168,0.2,0.7908304655102053,0.4306916731262374,0.3347975097534351,0.5848674322529012,"{""type"":""MultiPoint"",""coordinates"":[]}"
67,0.35569658117289205,0.29225126636350596,0.2378530596653639,0.1,0.2088735085391233,0.8072631945823684,0.6346384217105104,0.3483972756219227,"{""type"":""MultiPoint"",""coordinates"":[]}"
68,0.20263804910242122,0.24052201202086956,0.13323435744140313,0.1,0.13118269834828064,0.8994327242274452,0.8319849137212991,0.22493621723185933,"{""type"":""MultiPoint"",""coordinates"":[]}"
69,0.5615363049234592,0.43550300732696523,0.3919485295750626,0.1,0.5909659761501725,0.618357251735814,0.5456503052381207,0.42331175648497626,"{""type"":""MultiPoint"",""coordinates"":[]}"
70,0.5878562846486655,0.605913127164909,0.7761538427371529,0.5,0.7468107360912225,0.41668155588978384,0.29826909789693234,0.6175391012702109,"{""type"":""MultiPoint"",""coordinates"":[]}"
71,0.43849117860829734,0.4039108226660211,0.4248597533079563,0.1,0.5207814213603106,0.6391362640692714,0.5580015908460969,0.500121945287132,"{""type"":""MultiPoint"",""coordinates"":[]}"
72,0.5859366611412085,0.3586848587187782,0.26760801105095083,0.1,0.2252211220041667,0.7892696628153556,0.6733160134970504,0.251845592819915,"{""type"":""MultiPoint"",""coordinates"":[]}"
73,0.42013549420337265,0.4923729464201524,0.5708251346945664,0.5,0.6030942348711864,0.5741200684631451,0.39337267510043383,0.6349966397714125,"{""type"":""MultiPoint"",""coordinates"":[]}"
74,0.5607094886697535,0.6446268775729839,0.8602152448043214,0.5,0.8208250525352083,0.3637452871139538,0.3996976993398979,0.6857566092984564,"{""type"":""MultiPoint"",""coordinates"":[]}"
75,0.6305317292878098,0.47837101715569996,0.5109243622828572,0.5,0.3951051804823587,0.61461786404819,0.3162098131292134,0.5978278250606494,"{""type"":""MultiPoint"",""coordinates"":[]}"
76,0.5551574330709834,0.40205793266039036,0.3236367310861282,0.1,0.49716557663988026,0.6568003103426152,0.5704336580319832,0.41641815980514657,"{""type"":""MultiPoint"",""coordinates"":[]}"
77,0.8085096148446007,0.47361161465666723,0.40533555761224466,0.1,0.29354065573196797,0.7918451733416277,0.8766063118403133,0.13862819849955763,"{""type"":""MultiPoint"",""coordinates"":[]}"
78,0.37474628722735126,0.4162195736907949,0.3999295990477002,0.1,0.4971509576563116,0.6100851428424943,0.7626348235719653,0.27079390475988624,"{""type"":""MultiPoint"",""coordinates"":[]}"
79,0.24158161330659342,0.4050693543210917,0.35731259355331624,0.3,0.6274019526220755,0.5856316548060172,0.5627463022675732,0.387937487360458,"{""type"":""MultiPoint"",""coordinates"":[]}"
80,0.810676891481268,0.463272936335007,0.4046926313949279,0.1,0.26431519657452945,0.8119015340958049,0.8366677097370013,0.14318993720555243,"{""type"":""MultiPoint"",""coordinates"":[]}"
81,0.81381573717859,0.5242290952701829,0.4840129875321467,0.5,0.5508703600954806,0.4656615711389108,0.16817037548962996,0.7483746699593163,"{""type"":""MultiPoint"",""coordinates"":[]}"
82,0.5404001558609046,0.5848754259240019,0.6950789290171852,0.5,0.8381188698340378,0.4438192688332525,0.28748859427472373,0.6411820104345618,"{""type"":""MultiPoint"",""coordinates"":[]}"
83,0.7486406339704871,0.5976087979931967,0.7413953157826944,0.5,0.577594330543685,0.4104539458242905,0.16186350482771555,0.484965264569393,"{""type"":""MultiPoint"",""coordinates"":[]}"
84,0.4647246898214202,0.38170945231557607,0.26333015998511544,0.1,0.3286229425473946,0.7652716493331804,0.8884797362729964,0.07364551442155244,"{""type"":""MultiPoint"",""coordinates"":[]}"
85,0.44123425213908896,0.3591165009217038,0.3880202896877041,0.1,0.42645042612361567,0.6740475477912398,0.3822190196409474,0.5184026606310621,"{""type"":""MultiPoint"",""coordinates"":[]}"
86,0.8128619327006241,0.6192035420117598,0.7734421846059544,0.5,0.6747228757177554,0.37949870453314033,0.1466543053318833,0.7930676423478263,"{""type"":""MultiPoint"",""coordinates"":[]}"
87,0.41541853813705554,0.5149108884624523,0.5696362395379448,0.5,0.7381958255181978,0.501892344872044,0.32901495622475646,0.5804702802489188,"{""type"":""MultiPoint"",""coordinates"":[]}"
88,0.6158951929311481,0.5726910007107389,0.684250618506789,0.5,0.7407728644571869,0.49574685110577366,0.22857055109476224,0.6189798433932976,"{""type"":""MultiPoint"",""coordinates"":[]}"
89,0.9366717053549825,0.6118282475420433,0.6971248872918501,0.5,0.6462197481583749,0.4991239278896281,0.11258432859793052,0.6613263529300413,"{""type"":""MultiPoint"",""coordinates"":[]}"
90,0.04825670608403473,0.2451933350216946,0.2139122941827041,0.1,0.2743920224375998,0.8086942135860511,0.7060626901029748,0.27663461516241405,"{""type"":""MultiPoint"",""coordinates"":[]}"
91,0.7690682821828807,0.6084013672809011,0.7343063618475697,0.5,0.7042114554129468,0.44608474986991326,0.21038492821384228,0.7210123152780464,"{""type"":""MultiPoint"",""coordinates"":[]}"
92,0.9683654039664682,0.6788018699612995,0.8447921802382825,0.5,0.7621757901729951,0.4431790150143751,0.1039846876295196,0.6295238335805685,"{""type"":""MultiPoint"",""coordinates"":[]}"
93,0.5607094886697535,0.5705961640246467,0.6666981287115963,0.5,0.6959198388638058,0.432901811858409,0.3996976993398979,0.6857566092984564,"{""type"":""MultiPoint"",""coordinates"":[]}"
94,0.5879806367274112,0.4309281655249233,0.4008579144439658,0.1,0.2847774160974764,0.7928487935436992,0.8717538155263347,0.04979110088870832,"{""type"":""MultiPoint"",""coordinates"":[]}"
95,0.42013549420337265,0.49646048681962407,0.5352769368510756,0.5,0.6729591151055869,0.5491714902113013,0.39337267510043383,0.6349966397714125,"{""type"":""MultiPoint"",""coordinates"":[]}"
96,0.5322449212887136,0.3461479751407904,0.20611933072457567,0.1,0.2399364666876262,0.7746798410963412,0.7583671844667533,0.2238009227656283,"{""type"":""MultiPoint"",""coordinates"":[]}"
97,0.4623255352793456,0.3764731780253679,0.3335184041858592,0.1,0.49559038398256106,0.6367563690629992,0.5042153517954544,0.5091197189519152,"{""type"":""MultiPoint"",""coordinates"":[]}"
98,0.8046318325764663,0.6139116078947788,0.7321077201195706,0.5,0.6305088676270794,0.40656274501278167,0.12791196972221036,0.4350588253082375,"{""type"":""MultiPoint"",""coordinates"":[]}"
99,0.42230724199759806,0.2799278009937408,0.26787673392881717,0.1,0.04112948863472805,0.9515344254223548,0.6664556521294414,0.2832875370780191,"{""type"":""MultiPoint"",""coordinates"":[]}"
100,0.6836404056964355,0.596970406230468,0.771829847338755,0.5,0.66155891633821,0.4591984132485255,0.24407137053356778,0.7087253984548699,"{""type"":""MultiPoint"",""coordinates"":[]}"
101,0.6456530910196414,0.6331366934615862,0.8414535020587292,0.5,0.7455464818766937,0.35239049223958535,0.2566081748806227,0.6722208160526449,"{""type"":""MultiPoint"",""coordinates"":[]}"
102,0.8217230515770494,0.6466493669037516,0.8777555199232472,0.5,0.6928869218798771,0.3524617722833839,0.13554233320066847,0.8875043553236038,"{""type"":""MultiPoint"",""coordinates"":[]}"
103,0.8338951569413743,0.6030050829023099,0.7630619306295223,0.5,0.602583575148631,0.415139430085353,0.1077493673061785,0.7837592227544546,"{""type"":""MultiPoint"",""coordinates"":[]}"
104,0.10403149331481669,0.24467405625138927,0.20509329791817424,0.1,0.2540770313190556,0.8071287968689871,0.6519332908511906,0.29995141974392614,"{""type"":""MultiPoint"",""coordinates"":[]}"
105,0.24084331127265374,0.2505872173537341,0.1724312535811215,0.1,0.08729070723707419,0.9315586329309115,0.8100232581942631,0.1325865381594652,"{""type"":""MultiPoint"",""coordinates"":[]}"
106,0.379567268142729,0.5359389316363921,0.5585825391678658,0.5,0.7548317321124883,0.4961171132878742,0.5702768887951893,0.5052178830344989,"{""type"":""MultiPoint"",""coordinates"":[]}"
107,0.8358116959626213,0.5872392080599682,0.7305442415574379,0.5,0.6057961447651904,0.4699441437210094,0.1425068841706048,0.9136977456330719,"{""type"":""MultiPoint"",""coordinates"":[]}"
108,0.16969324956025902,0.3040807323646296,0.2700020875992165,0.1,0.36138156732437043,0.769411661827682,0.7625722717879768,0.3176347108382277,"{""type"":""MultiPoint"",""coordinates"":[]}"
109,0.5950651356394508,0.5238757763984094,0.6240078351596122,0.2,0.7694192989774049,0.4903808992597619,0.2983433854233483,0.546967059647063,"{""type"":""MultiPoint"",""coordinates"":[]}"
110,0.8469794396943942,0.5823574108892223,0.74188644094791,0.5,0.5683361282496899,0.4343337807935737,0.08232285664495093,0.951188282184504,"{""type"":""MultiPoint"",""coordinates"":[]}"
111,0.8616481071367026,0.6661413832112305,0.8508832321365911,0.5,0.6733265257223556,0.37321726501699953,0.179236797778936,0.510199567696095,"{""type"":""MultiPoint"",""coordinates"":[]}"
112,0.8067941039666341,0.4509953540880437,0.36155157480489825,0.1,0.22866460947276268,0.802122165401709,0.8607588803287146,0.11829446640245327,"{""type"":""MultiPoint"",""coordinates"":[]}"
113,0.5004334658621398,0.5717032197556228,0.6461094193872617,0.5,0.7804789720879013,0.4800373768132922,0.47463219624699854,0.6288431204035284,"{""type"":""MultiPoint"",""coordinates"":[]}"
114,0.5360663718716266,0.47058384589741586,0.5690906506647004,0.1,0.7014570187772096,0.5414371832673914,0.31382731064097485,0.527193133940487,"{""type"":""MultiPoint"",""coordinates"":[]}"
115,0.12296815135681179,0.42494498294059213,0.4124985009260957,0.5,0.5593050169077858,0.6647205575784674,0.7222834623136181,0.3485063114395425,"{""type"":""MultiPoint"",""coordinates"":[]}"
116,0.40972389793655783,0.4603632584935009,0.548799630450521,0.2,0.6494545962027896,0.5283935333572684,0.44870706202027416,0.5646194200631982,"{""type"":""MultiPoint"",""coordinates"":[]}"
117,0.5456648054524101,0.5967642639213592,0.7302999480321037,0.5,0.8557026848694649,0.4706523000495271,0.282840704390165,0.5903585468326469,"{""type"":""MultiPoint"",""coordinates"":[]}"
118,0.5468612210638365,0.5859178905789683,0.7169704049498307,0.5,0.7558332510192367,0.45208968895949303,0.3122320687040744,0.5417236099720084,"{""type"":""MultiPoint"",""coordinates"":[]}"
119,0.8883323796293104,0.6348072959381821,0.7732746690457264,0.5,0.6983097491687217,0.49798116031676537,0.1317442276295724,0.5860123271140122,"{""type"":""MultiPoint"",""coordinates"":[]}"
120,0.566220853059875,0.3402036353138923,0.20017025230982918,0.1,0.26506991994554285,0.7932550123915263,0.6589232572502706,0.2882082170649172,"{""type"":""MultiPoint"",""coordinates"":[]}"
121,0.6231978794316727,0.6106597392310493,0.8024153967104772,0.5,0.7196070992945071,0.3939155683571332,0.29159729490123526,0.745858467629816,"{""type"":""MultiPoint"",""coordinates"":[]}"
122,0.6412617675201401,0.6416501916539535,0.7959660476416783,0.5,0.8813816802122744,0.4079680103185076,0.2619382190048981,0.5639589332194836,"{""type"":""MultiPoint"",""coordinates"":[]}"
123,0.6062469984292798,0.6381174087984218,0.854925679247043,0.5,0.8005653877784169,0.39267221359511945,0.3452712390369647,0.7441624282028394,"{""type"":""MultiPoint"",""coordinates"":[]}"
124,0.1086322972828428,0.3396560448781493,0.2795539644397468,0.3,0.3779998408280554,0.7617598581921174,0.8174313623701097,0.1845206446072685,"{""type"":""MultiPoint"",""coordinates"":[]}"
125,0.18924747368269013,0.3241054898389777,0.26051372707527304,0.1,0.4584384780678558,0.6828220297079549,0.7260511982344378,0.33922250458410497,"{""type"":""MultiPoint"",""coordinates"":[]}"
126,0.599650629874045,0.49189491054515133,0.49304207622846297,0.5,0.4796034135044413,0.5401231113839389,0.38517367486211485,0.6548260572051431,"{""type"":""MultiPoint"",""coordinates"":[]}"
127,0.9353928685478153,0.5652603737745374,0.5539951899800701,0.5,0.5430468896842469,0.5124301458979094,0.12391139550135992,0.5584431168605057,"{""type"":""MultiPoint"",""coordinates"":[]}"
128,0.5346375981647425,0.5009828828250049,0.5367950466156463,0.2,0.71450379839575,0.5826606209567524,0.54113942172061,0.4633369659520688,"{""type"":""MultiPoint"",""coordinates"":[]}"
129,0.6363266679644152,0.3760054186252101,0.27080825623281635,0.1,0.22550257412643107,0.8175299836746799,0.7391960237172102,0.1990793829818935,"{""type"":""MultiPoint"",""coordinates"":[]}"
130,0.13975093153506493,0.3872589347726074,0.3701868623383776,0.3,0.5565876357265381,0.6084153040277037,0.6033219124937912,0.22433546649178868,"{""type"":""MultiPoint"",""coordinates"":[]}"
131,0.6328184532046721,0.5397380220266952,0.6133077787500162,0.2,0.8092992539802863,0.46625404692250766,0.3847050125107566,0.6678519591522222,"{""type"":""MultiPoint"",""coordinates"":[]}"
132,0.2727009310946836,0.49416684597872773,0.6241910553036126,0.3,0.6776154899701919,0.5021972728777705,0.5321365807705094,0.3211471670182968,"{""type"":""MultiPoint"",""coordinates"":[]}"
133,0.37539073170201226,0.40254226478867117,0.3935657527127682,0.1,0.5718254312741262,0.563371030821798,0.50919150029513,0.3256636273675094,"{""type"":""MultiPoint"",""coordinates"":[]}"
134,0.591307033396666,0.6208109056099383,0.7900785736811478,0.5,0.7703626354584293,0.369978139393922,0.3380860978338746,0.6467067130488287,"{""type"":""MultiPoint"",""coordinates"":[]}"
135,0.7080283798702132,0.6864887115594934,0.9443499349290886,0.5,0.8408270845174804,0.32893849585500695,0.273110851037409,0.734914926853672,"{""type"":""MultiPoint"",""coordinates"":[]}"
136,0.3804343713634068,0.4015840503141139,0.4636291357783417,0.1,0.5651089340051669,0.5861194622133551,0.428934469003489,0.4891589736588258,"{""type"":""MultiPoint"",""coordinates"":[]}"
137,0.42699831679906464,0.39600150490705255,0.47584381204500337,0.1,0.4913402334183191,0.6361150245820498,0.4155965245360811,0.5001659294432458,"{""type"":""MultiPoint"",""coordinates"":[]}"
138,0.7936156770102706,0.6709300508925633,0.7409755750891669,1.0,0.6248695213383538,0.43072277458661146,0.134979334431982,0.7438612493414536,"{""type"":""MultiPoint"",""coordinates"":[]}"
139,0.6093768748620435,0.5490734567632439,0.677903872718632,0.2,0.8504415892584901,0.46044201428907167,0.34083301616367717,0.7576644993011366,"{""type"":""MultiPoint"",""coordinates"":[]}"
140,0.188919587162474,0.3038929398941703,0.23468701557704308,0.1,0.2595352066328417,0.7965459268716973,0.8654510187981141,0.06767043240306417,"{""type"":""MultiPoint"",""coordinates"":[]}"
142,0.34202171363153666,0.4464454144004665,0.5181065919276531,0.2,0.6939943437515699,0.521377515344351,0.463577467517169,0.5960944617554279,"{""type"":""MultiPoint"",""coordinates"":[]}"
143,0.8794136697937088,0.6702117981316305,0.8762103633755141,0.5,0.6714577483152891,0.3784455823460617,0.1388582483085163,0.5296691102905735,"{""type"":""MultiPoint"",""coordinates"":[]}"
144,0.40418605449392103,0.4233091099309152,0.39359832518281296,0.1,0.49201323723562357,0.6679391365354155,0.8432176502259152,0.24515038435931527,"{""type"":""MultiPoint"",""coordinates"":[]}"
145,0.3453293338890464,0.5432616825407186,0.6188025508685744,0.5,0.8125412816953957,0.4753478113651219,0.47333379627189826,0.5436922539844233,"{""type"":""MultiPoint"",""coordinates"":[]}"
146,0.35126962561014335,0.4706163528158124,0.49436126126526225,0.5,0.6489848534065901,0.5638533849187761,0.44520499519410506,0.6742155332210663,"{""type"":""MultiPoint"",""coordinates"":[]}"
147,0.6519928102316861,0.5025431187927644,0.5689391886789946,0.5,0.4107444900825154,0.572186606070772,0.296734153043324,0.5831333726590802,"{""type"":""MultiPoint"",""coordinates"":[]}"
148,0.34090814060717123,0.4593563922907389,0.461430494050342,0.5,0.5442239379929321,0.6004667347606285,0.5356104975317253,0.486616526386608,"{""type"":""MultiPoint"",""coordinates"":[]}"
149,0.8942232607720892,0.5860061392810376,0.6748697471339917,0.5,0.6091712108751691,0.5375887997378682,0.11954797493057087,0.7225509761484746,"{""type"":""MultiPoint"",""coordinates"":[]}"
150,0.4410796039867834,0.365673398771175,0.39527580739010015,0.1,0.42923528040508696,0.6377275508640922,0.39241633410746346,0.5243128851761378,"{""type"":""MultiPoint"",""coordinates"":[]}"
151,0.6652056540764281,0.3444491109870882,0.2717854303341491,0.1,0.023873624249224883,0.9604557597096598,0.8150626806371284,0.21160226283730732,"{""type"":""MultiPoint"",""coordinates"":[]}"
152,0.43654361342859377,0.3945312756037339,0.46155264081300895,0.1,0.5023096978047253,0.6414193364296731,0.40676894577332684,0.500940457806226,"{""type"":""MultiPoint"",""coordinates"":[]}"
153,0.9118112486508705,0.5788392686704359,0.7118069281643783,0.5,0.5296641302636101,0.4975086573610822,0.07124780366855649,0.8659649454224346,"{""type"":""MultiPoint"",""coordinates"":[]}"
154,0.3810897891611747,0.2976253899919357,0.23827184856593353,0.1,0.21011784932738564,0.8393788299527698,0.6664899906822835,0.34778646907683697,"{""type"":""MultiPoint"",""coordinates"":[]}"
155,0.4382546678486958,0.5078783151620824,0.5033024042924598,0.5,0.767253013965927,0.4735161675545616,0.33338301102815776,0.633457118460407,"{""type"":""MultiPoint"",""coordinates"":[]}"
156,0.9310214018877244,0.591632038763838,0.6806595036843908,0.5,0.5459701445360279,0.5664236884132209,0.13691981946654735,0.5736450464108281,"{""type"":""MultiPoint"",""coordinates"":[]}"
157,0.8232332787497119,0.5446777567803842,0.6547493565513544,0.5,0.4726039006157471,0.4980227462060891,0.13100302392348978,0.8568970194299774,"{""type"":""MultiPoint"",""coordinates"":[]}"
158,0.7241865503636878,0.6058688356664175,0.6936754627141454,0.5,0.7484849427291441,0.4213518060644866,0.27583993942772855,0.7021778966110459,"{""type"":""MultiPoint"",""coordinates"":[]}"
159,0.797221784395899,0.6201704889267751,0.7738819129515543,0.5,0.6254000408654212,0.35795665094109336,0.12308025072264311,0.5613342459652276,"{""type"":""MultiPoint"",""coordinates"":[]}"
160,0.7178129165028981,0.4947023819008135,0.5478859726657749,0.5,0.4025863296134887,0.5847061400813557,0.20800340524349697,0.6709874104889447,"{""type"":""MultiPoint"",""coordinates"":[]}"
161,0.6407133120606898,0.41237677073783674,0.40941225938938475,0.1,0.1778182267680927,0.9042823003563637,0.8344097125150187,0.056088635054536956,"{""type"":""MultiPoint"",""coordinates"":[]}"
162,0.8432859940647036,0.6765164184713889,0.9134223746218999,0.5,0.7276110605310586,0.2856198787341218,0.11203611589417813,0.7455931358538267,"{""type"":""MultiPoint"",""coordinates"":[]}"
163,0.5368295212917923,0.5155980452072936,0.5797174190166965,0.5,0.5600982124764841,0.5995622240765139,0.4608874925604236,0.6368894505020501,"{""type"":""MultiPoint"",""coordinates"":[]}"
164,0.3892298462971793,0.3634449713377508,0.37181315923559594,0.1,0.49434730753882355,0.6688320017632136,0.47614289898983997,0.5447494716814053,"{""type"":""MultiPoint"",""coordinates"":[]}"
165,0.431377767844069,0.32830662044496367,0.20351760467977545,0.1,0.19197491179221401,0.8214711438456131,0.8404721292965386,0.09089339215437309,"{""type"":""MultiPoint"",""coordinates"":[]}"
166,0.7697429663822837,0.5590480004973712,0.6906266795179863,0.5,0.5538788227372043,0.489036288838295,0.13649360405508482,0.8076963518168344,"{""type"":""MultiPoint"",""coordinates"":[]}"
167,0.6375573387675396,0.539839092336056,0.6129901971670829,0.5,0.5956291496887963,0.511050986116615,0.27181270887641185,0.6268093887704362,"{""type"":""MultiPoint"",""coordinates"":[]}"
168,0.6487249551019569,0.5710504436053255,0.7088021178027794,0.5,0.6238151624259385,0.49266685659725723,0.29418207072469144,0.6923774528478978,"{""type"":""MultiPoint"",""coordinates"":[]}"
169,0.8218978897618783,0.556049229475734,0.6446384233740042,0.1,0.428925312798271,0.6968282416705379,0.852850278721009,0.28861909889861054,"{""type"":""MultiPoint"",""coordinates"":[]}"
170,0.432715371586104,0.5180550701944461,0.5232953864057314,0.5,0.6791603976250643,0.5453023137371161,0.5475029695265854,0.528119518938283,"{""type"":""MultiPoint"",""coordinates"":[]}"
171,0.7404766971782448,0.36606911475146187,0.22186498802278437,0.1,0.09354018160277117,0.8742665764835728,0.8526346468470131,0.28720611933285906,"{""type"":""MultiPoint"",""coordinates"":[]}"
172,0.8370301684679701,0.67259144297489,0.8596917586786066,0.5,0.8578746481425142,0.3724589030505251,0.1519269005391385,0.8273105471718818,"{""type"":""MultiPoint"",""coordinates"":[]}"
173,0.6719911440211465,0.6596370796123165,0.9029910410901706,0.5,0.801901788652395,0.3391886259637357,0.25649627362666655,0.750498850572155,"{""type"":""MultiPoint"",""coordinates"":[]}"
174,0.641414215617933,0.6167672017369229,0.7933765362731464,0.5,0.7248761986578757,0.3711154888390725,0.2758367364376801,0.6812666002698465,"{""type"":""MultiPoint"",""coordinates"":[]}"
175,0.5526316063481361,0.5928578482397697,0.687255428868388,0.5,0.829042242089239,0.471039309171829,0.42143357184730257,0.6775618565577527,"{""type"":""MultiPoint"",""coordinates"":[]}"
176,0.8370301684679701,0.6682372680650764,0.8536437489728564,0.5,0.8608694513478533,0.405372832692293,0.1519269005391385,0.8273105471718818,"{""type"":""MultiPoint"",""coordinates"":[]}"
177,0.9526329072712238,0.6564682812450808,0.8490021719915262,0.5,0.6395601463930339,0.37881918687967303,0.06889032675304593,0.7249995830667568,"{""type"":""MultiPoint"",""coordinates"":[]}"
178,0.9625094836007683,0.6689311602788556,0.8004009147169598,0.5,0.7795823260439733,0.47005292846702373,0.12066469166781707,0.6133898069442673,"{""type"":""MultiPoint"",""coordinates"":[]}"
179,0.3999552516752861,0.4311164250450754,0.5168240509196549,0.1,0.645547468234755,0.5437403097368579,0.39755194857545506,0.5058784427793692,"{""type"":""MultiPoint"",""coordinates"":[]}"
180,0.2727009310946836,0.44805795367758783,0.6170721198903787,0.1,0.6166500740262431,0.5540407334401622,0.5321365807705094,0.3211471670182968,"{""type"":""MultiPoint"",""coordinates"":[]}"
181,0.8333572656635014,0.49369763913500697,0.4461523769760009,0.1,0.33540958271550725,0.752206150998971,0.8523951292163009,0.1968448694150537,"{""type"":""MultiPoint"",""coordinates"":[]}"
182,0.7379314007079696,0.6931397330462694,0.7108175393867789,1.0,0.8289136966329489,0.43510681392404815,0.17399060931427776,0.6075273195196903,"{""type"":""MultiPoint"",""coordinates"":[]}"
183,0.4998951972920469,0.41528486475899995,0.37261758291544356,0.1,0.6193402012452665,0.6040749967210872,0.5218053605391861,0.5504527399374047,"{""type"":""MultiPoint"",""coordinates"":[]}"
184,0.4705271841418159,0.4901712093003726,0.48347798471166703,0.3,0.5929355652777127,0.6170523977060016,0.7232426293899781,0.38726163331923724,"{""type"":""MultiPoint"",""coordinates"":[]}"
185,0.4498076122155677,0.358945649533,0.41342193045185405,0.1,0.30525496579778727,0.7509932644096766,0.5294421353239964,0.46008974968354266,"{""type"":""MultiPoint"",""coordinates"":[]}"
186,0.202307712632866,0.2802885250606837,0.2165262349037705,0.1,0.18651208549678297,0.8527080574125042,0.825521957552936,0.09125558060785549,"{""type"":""MultiPoint"",""coordinates"":[]}"
187,0.7010505542024535,0.610190218609607,0.7376043244395686,0.5,0.7955076258601352,0.4980152523021754,0.27537083884587676,0.7296535174833257,"{""type"":""MultiPoint"",""coordinates"":[]}"
188,0.48883805652330564,0.5168745698801854,0.6118908763030844,0.2,0.7755971346792205,0.4540086209184561,0.4486121835885922,0.5933137393828681,"{""type"":""MultiPoint"",""coordinates"":[]}"
189,0.30444978051579946,0.4981764034729397,0.5713625804502989,0.3,0.827841238967324,0.4447447835579139,0.4661728059050985,0.5374637164522403,"{""type"":""MultiPoint"",""coordinates"":[]}"
190,0.3767270957696909,0.5242123328999413,0.6446897250143242,0.5,0.5840940491705844,0.44790738692271814,0.4862194918370212,0.5750167074919182,"{""type"":""MultiPoint"",""coordinates"":[]}"
191,0.413213439182435,0.33653447738704223,0.2253731504283387,0.1,0.25965531936270264,0.7656010996442019,0.8341528388415954,0.2650993976134831,"{""type"":""MultiPoint"",""coordinates"":[]}"
192,0.6361869743029045,0.5399868215007334,0.603739615674465,0.3,0.7034271102559225,0.5213674882898186,0.35803370472555734,0.4473233092085183,"{""type"":""MultiPoint"",""coordinates"":[]}"
193,0.4101859118333697,0.46642667186362263,0.5267106098898904,0.2,0.7496994246667973,0.42518326674057105,0.3326408516819965,0.6097767033937218,"{""type"":""MultiPoint"",""coordinates"":[]}"
194,0.6590593387653159,0.6537459708531289,0.788993910428668,0.5,0.9620626877819728,0.38708647575028765,0.26761309241789877,0.6535287868231658,"{""type"":""MultiPoint"",""coordinates"":[]}"
195,0.7227572082685455,0.6101973760091732,0.7417817437227673,0.5,0.6544164093998371,0.3566157698802595,0.178550095498966,0.5031079109414784,"{""type"":""MultiPoint"",""coordinates"":[]}"
196,0.29673995163385064,0.3521428448597369,0.24957914888135713,0.1,0.4706517752469564,0.6568824970071331,0.7673776458821164,0.324944277238286,"{""type"":""MultiPoint"",""coordinates"":[]}"
197,0.5584705583646626,0.3904012832177536,0.3767094994647752,0.1,0.18314635521646538,0.8816597172948497,0.8368737637409147,0.0692712249689812,"{""type"":""MultiPoint"",""coordinates"":[]}"
198,0.6500941190914167,0.606397925455554,0.7997342752699438,0.5,0.6684243127525514,0.4157002063035685,0.2565568910826688,0.6580756514201576,"{""type"":""MultiPoint"",""coordinates"":[]}"
199,0.8345317444285036,0.6912703499714661,0.8271867601792674,0.5,0.9455787057288918,0.3137119737645109,0.1327684070221147,0.6235027628829133,"{""type"":""MultiPoint"",""coordinates"":[]}"
200,0.7512091020616273,0.4757932985684671,0.4386134787842189,0.5,0.39344961163738823,0.5179054102296476,0.19199295647023612,0.7105617581916033,"{""type"":""MultiPoint"",""coordinates"":[]}"
201,0.24158161330659342,0.47437336962592536,0.5252399628673846,0.3,0.7691945956044837,0.5250988895164642,0.5627463022675732,0.387937487360458,"{""type"":""MultiPoint"",""coordinates"":[]}"
202,0.8167519549156568,0.6402174152570141,0.8544254882539234,0.5,0.6512348313934487,0.38848628774565386,0.16470330311898101,0.7409254807189611,"{""type"":""MultiPoint"",""coordinates"":[]}"
203,0.23256030939235095,0.4074623828847961,0.5012544102384149,0.1,0.6434930001032925,0.5691641000082411,0.5399384420646769,0.4592933154883035,"{""type"":""MultiPoint"",""coordinates"":[]}"
204,0.5187869330629086,0.5624570611781572,0.6345979594828087,0.5,0.7089524115396273,0.5070975472017105,0.5037275493979515,0.619113545113897,"{""type"":""MultiPoint"",""coordinates"":[]}"
205,0.8460437868911306,0.6855544033853412,0.9014764212331047,0.5,0.7178439256994393,0.33015669502407113,0.1802040474249582,0.5340956679233126,"{""type"":""MultiPoint"",""coordinates"":[]}"
206,0.3240355330362902,0.5467956521488773,0.6867424124651891,0.5,0.7202839187229668,0.4894600990098631,0.4727748448995758,0.42142239944188675,"{""type"":""MultiPoint"",""coordinates"":[]}"
207,0.37400889167465073,0.3805331580754268,0.3355167252230847,0.1,0.38220286069237536,0.7528346538135894,0.8266838971656569,0.15726310008675143,"{""type"":""MultiPoint"",""coordinates"":[]}"
208,0.5845260636084739,0.5713585308948973,0.6676305156666175,0.5,0.7049245908801249,0.5209147227993728,0.43282149004756204,0.6876735220057917,"{""type"":""MultiPoint"",""coordinates"":[]}"
209,0.6082113114626853,0.342047128118365,0.23161093889736484,0.1,0.07685516877023868,0.8761279496312553,0.8416291475108321,0.21152528004013518,"{""type"":""MultiPoint"",""coordinates"":[]}"
210,0.37400889167465073,0.34751055685818966,0.30161366977733717,0.1,0.2585031402592696,0.812753446721934,0.8266838971656569,0.15726310008675143,"{""type"":""MultiPoint"",""coordinates"":[]}"
211,0.7804228149523743,0.550946326746884,0.6552432053087198,0.2,0.7615248446521331,0.4251674697318516,0.15577701589492166,0.7247743776979559,"{""type"":""MultiPoint"",""coordinates"":[]}"
212,0.6741260421273194,0.6192557483513822,0.8016397647675425,0.5,0.7785561072638286,0.439572617734233,0.2285532179219238,0.7332175474862136,"{""type"":""MultiPoint"",""coordinates"":[]}"
213,0.38520873954260937,0.4413906141785202,0.4322716188665672,0.5,0.5067620870489916,0.62437943032266,0.43735276488828817,0.5206136992110988,"{""type"":""MultiPoint"",""coordinates"":[]}"
214,0.47866420334062626,0.4794614664072022,0.48381999564713374,0.5,0.49006390019806184,0.6325113363657638,0.5430887578169695,0.5358740069507274,"{""type"":""MultiPoint"",""coordinates"":[]}"
215,0.9266025409576085,0.6237091620336679,0.7098909689442648,0.5,0.6511568159740899,0.4426363578596128,0.12663757013158397,0.6031546403446113,"{""type"":""MultiPoint"",""coordinates"":[]}"
217,0.43107646572417013,0.34669644638139874,0.3063773935213361,0.1,0.1601292340725045,0.8909472325771473,0.8554957455446871,0.03174863102797922,"{""type"":""MultiPoint"",""coordinates"":[]}"
218,0.9011859188034747,0.5121283442405307,0.4198859371321718,0.5,0.4055053173024984,0.4616053285280639,0.1547070714354707,0.564325913786454,"{""type"":""MultiPoint"",""coordinates"":[]}"
219,0.17908361629330227,0.4381253845163079,0.4261300796396886,0.3,0.6734108868530183,0.45744325651359113,0.6925087470074761,0.47484081459231753,"{""type"":""MultiPoint"",""coordinates"":[]}"
220,0.5495238554078877,0.5191755625962646,0.5061362091863244,0.5,0.607899562502928,0.5666161726775949,0.5295619621420222,0.594855482075518,"{""type"":""MultiPoint"",""coordinates"":[]}"
221,0.811316903997553,0.6822072615330411,0.9409053962218885,0.5,0.7625973926280812,0.34693809662871034,0.16642231445242617,0.7324099799705063,"{""type"":""MultiPoint"",""coordinates"":[]}"
222,0.7739567665524938,0.4454239168525499,0.42007648608193154,0.1,0.19349379596301566,0.8724105510983075,0.829238329489904,0.08186810424087393,"{""type"":""MultiPoint"",""coordinates"":[]}"
223,0.793753780654674,0.6112749254730623,0.8221909575862024,0.5,0.6453628047902853,0.3833781191577427,0.106957153119138,0.9437178833821097,"{""type"":""MultiPoint"",""coordinates"":[]}"
224,0.7010505542024535,0.6283740128893265,0.7545338657451617,0.5,0.8502775857115522,0.4406561025460886,0.27537083884587676,0.7296535174833257,"{""type"":""MultiPoint"",""coordinates"":[]}"
225,0.5715528468589354,0.33195793020357944,0.1841695574733838,0.1,0.35345938772987506,0.6687455228157028,0.35837297067692186,0.30753362964313535,"{""type"":""MultiPoint"",""coordinates"":[]}"
226,0.6922566619359669,0.6642589553758433,0.934089606865092,0.5,0.7682401509537052,0.35118232012505357,0.2409808063892655,0.7386129999420028,"{""type"":""MultiPoint"",""coordinates"":[]}"
227,0.20096965810014678,0.34177263482451653,0.30929059381093404,0.1,0.4868694321569097,0.6787837654299712,0.6870984891108742,0.29211664879746213,"{""type"":""MultiPoint"",""coordinates"":[]}"
228,0.14090691073258818,0.36530208784397694,0.28353594890267875,0.3,0.43102021878804675,0.7438563940026586,0.8399998186554102,0.06061313623385067,"{""type"":""MultiPoint"",""coordinates"":[]}"
229,0.30329533988644913,0.46373310566097037,0.50110376256446,0.5,0.6315597862806202,0.5320063338792522,0.45678417189338316,0.6882730940188121,"{""type"":""MultiPoint"",""coordinates"":[]}"
230,0.8941563355059253,0.6017277480400716,0.701033583697182,0.5,0.6384942221148533,0.49522878662160125,0.12502964952014922,0.7223226918498398,"{""type"":""MultiPoint"",""coordinates"":[]}"
231,0.5637764504034128,0.3779865787970369,0.42050783864952,0.1,0.32516389912562677,0.7004771044061908,0.4392932777013886,0.55103746288779,"{""type"":""MultiPoint"",""coordinates"":[]}"
232,0.9214619911000465,0.5654476066584319,0.5699945367084334,0.5,0.60142059831718,0.5705172949956937,0.12272927923770241,0.6355542782092732,"{""type"":""MultiPoint"",""coordinates"":[]}"
233,0.7526415016935399,0.5430197352721017,0.6885746139051879,0.5,0.48785669332138226,0.5187872984714313,0.13320597487178457,0.7854518036229211,"{""type"":""MultiPoint"",""coordinates"":[]}"
234,0.8216921577158501,0.6796772808064984,0.8490754600491267,0.5,0.8926494960401745,0.36080190682561,0.1268945520050141,0.6487340934584008,"{""type"":""MultiPoint"",""coordinates"":[]}"
235,0.5655794024233183,0.371618960149962,0.3888264583213033,0.1,0.32319088949459523,0.6116351143773137,0.4096242171748442,0.639621572379397,"{""type"":""MultiPoint"",""coordinates"":[]}"
236,0.5511175670543056,0.6096115829023196,0.7921550686464814,0.5,0.8058201165116057,0.43297981178787653,0.29642530973470704,0.6173652988317132,"{""type"":""MultiPoint"",""coordinates"":[]}"
237,0.30769446892455476,0.5960826168138823,0.5496937447532411,1.0,0.7121495268021284,0.25784046948322903,0.47156678161134774,0.6214954678493995,"{""type"":""MultiPoint"",""coordinates"":[]}"
238,0.6944591982435756,0.6265550418809674,0.7420016078955665,0.5,0.7901520543622991,0.36506030892888847,0.20757361666543775,0.5122267733927799,"{""type"":""MultiPoint"",""coordinates"":[]}"
239,0.4821370187823529,0.3598858634237909,0.2903273089069424,0.1,0.3219681328735785,0.7335157213506349,0.6823571783561154,0.3460546638200019,"{""type"":""MultiPoint"",""coordinates"":[]}"
240,0.6500941190914167,0.5957338057404526,0.7736376194262207,0.5,0.633540415845172,0.404773918484207,0.2565568910826688,0.6580756514201576,"{""type"":""MultiPoint"",""coordinates"":[]}"
241,0.3464501293640767,0.47539808935039185,0.47904405722686855,0.5,0.6744470030801465,0.5044688053297982,0.4409457121549841,0.6693538394736253,"{""type"":""MultiPoint"",""coordinates"":[]}"
242,0.4951563313287705,0.5688996784681902,0.4800456606807347,1.0,0.5285201581107983,0.5253586078201764,0.44451268080090095,0.42672867964879296,"{""type"":""MultiPoint"",""coordinates"":[]}"
243,0.8166728436014548,0.490100729749673,0.4425926226247621,0.1,0.33457547657039777,0.7758942053568298,0.8777621614177565,0.1851022343692157,"{""type"":""MultiPoint"",""coordinates"":[]}"
244,0.9018949316930368,0.6692087987368079,0.860581685092321,0.5,0.6820404587425755,0.3228817854996574,0.08736644381719702,0.6014028703603997,"{""type"":""MultiPoint"",""coordinates"":[]}"
245,0.93667576982095,0.5501173910719853,0.537931011508446,0.5,0.5336846894086875,0.5446359543938072,0.10600345924038003,0.657799393305531,"{""type"":""MultiPoint"",""coordinates"":[]}"
246,0.5625382974550144,0.6129464824921956,0.7746147935275538,0.5,0.7871578381740607,0.3832470637958723,0.390730839253543,0.7407385730514355,"{""type"":""MultiPoint"",""coordinates"":[]}"
247,0.7036910728537882,0.5893731311164687,0.7101213028395784,0.5,0.6393857825587059,0.3778974015156447,0.14814557626937663,0.5365618804672508,"{""type"":""MultiPoint"",""coordinates"":[]}"
248,0.93667576982095,0.5918580032830908,0.6336574294102751,0.5,0.6138734379841833,0.48682899990056944,0.10600345924038003,0.657799393305531,"{""type"":""MultiPoint"",""coordinates"":[]}"
249,0.6305317292878098,0.475324307501812,0.5046582333580575,0.5,0.38505693783658235,0.6143472743064059,0.3162098131292134,0.5978278250606494,"{""type"":""MultiPoint"",""coordinates"":[]}"
250,0.6165639997020528,0.5894020575947261,0.7316679917739707,0.5,0.684985821279257,0.4364079034105799,0.32753919705213674,0.6737748569044276,"{""type"":""MultiPoint"",""coordinates"":[]}"
251,0.13411268671845558,0.2468920928562105,0.17274394929354756,0.1,0.22240980679799668,0.8721998774051852,0.7636638464439333,0.21248599468883664,"{""type"":""MultiPoint"",""coordinates"":[]}"
252,0.5758602938927591,0.4905765064544021,0.5454744465799856,0.5,0.4500339736147102,0.5906671360442305,0.35160757712071666,0.5912660823800251,"{""type"":""MultiPoint"",""coordinates"":[]}"
253,0.5486914679693675,0.33724210124319354,0.23328965661213755,0.1,0.21408892970413773,0.8032937475628595,0.6687516315948813,0.2895546872507435,"{""type"":""MultiPoint"",""coordinates"":[]}"
254,0.5100046952054414,0.37942997245642673,0.30643735647755355,0.1,0.37963565428982504,0.7115961579511062,0.6710197011138382,0.34136016327593866,"{""type"":""MultiPoint"",""coordinates"":[]}"
255,0.7393981706792084,0.6678359005075939,0.7318797128292593,0.3,0.7847172807110132,0.4794054260992206,0.8638327646101277,0.28327975586610665,"{""type"":""MultiPoint"",""coordinates"":[]}"
256,0.6500941190914167,0.6217386161266626,0.7265744717707728,0.5,0.8756612888750664,0.39024925502832924,0.2565568910826688,0.6580756514201576,"{""type"":""MultiPoint"",""coordinates"":[]}"
257,0.39751822336633685,0.34644784213083013,0.32303210461092957,0.1,0.2970052758161937,0.7887156768481042,0.7129968606424124,0.3158547689405907,"{""type"":""MultiPoint"",""coordinates"":[]}"
258,0.4410796039867834,0.37229874465769885,0.4102852015865756,0.1,0.45146065094552085,0.6423356333006942,0.39241633410746346,0.5243128851761378,"{""type"":""MultiPoint"",""coordinates"":[]}"
259,0.1437987378375556,0.449874504944614,0.4790440572268688,0.5,0.6117956768448283,0.6038113731435046,0.5954600425032708,0.29160950784630346,"{""type"":""MultiPoint"",""coordinates"":[]}"
260,0.6990925277390619,0.5921210935024299,0.6674676533163961,0.5,0.7227591101949631,0.406781968089242,0.18850673543083954,0.5230133727577143,"{""type"":""MultiPoint"",""coordinates"":[]}"
261,0.14179946892695036,0.2892094146124987,0.24657433851975852,0.1,0.32664117281501226,0.772343150381177,0.7706894809321104,0.29249745560352447,"{""type"":""MultiPoint"",""coordinates"":[]}"
262,0.5191253053663062,0.40666268095410574,0.35716601743811577,0.1,0.4412966304653973,0.677191609900821,0.6945262768458061,0.3876369148598528,"{""type"":""MultiPoint"",""coordinates"":[]}"
263,0.6778487671015979,0.658203231465814,0.8834475590635124,0.5,0.8489972562594932,0.3792473948821764,0.24814888788285536,0.7493629891875098,"{""type"":""MultiPoint"",""coordinates"":[]}"
264,0.3789031383250951,0.549235955509377,0.6818687566347899,0.5,0.6052770071610442,0.447271460569481,0.5752716522171382,0.5120686310652377,"{""type"":""MultiPoint"",""coordinates"":[]}"
265,0.40418605449392103,0.44677195861889585,0.3662170925517121,0.3,0.4824407832388556,0.6504988870827046,0.8432176502259152,0.24515038435931527,"{""type"":""MultiPoint"",""coordinates"":[]}"
266,0.5316845076265309,0.4913914052768883,0.49543615277672953,0.3,0.6764369261413955,0.5205591317812722,0.4018792668933113,0.4680417375002674,"{""type"":""MultiPoint"",""coordinates"":[]}"
267,0.750795322767436,0.591976214580854,0.6960793110034245,0.5,0.634025551612632,0.42609801557510296,0.1697259357639147,0.5333860496853059,"{""type"":""MultiPoint"",""coordinates"":[]}"
268,0.7564760693052295,0.6419910354110565,0.8230765216155352,0.5,0.7820179615944062,0.4661737953036012,0.20578540152751296,0.6267432743085042,"{""type"":""MultiPoint"",""coordinates"":[]}"
269,0.5616247676942963,0.4608005275523932,0.47332092618337973,0.5,0.3525438894059782,0.5885954410299006,0.4137159253593725,0.604965787523099,"{""type"":""MultiPoint"",""coordinates"":[]}"
270,0.7554232844239189,0.5073922454553424,0.4888023620963052,0.1,0.4405265769170201,0.7109618148170057,0.8307499544697958,0.17901604912699415,"{""type"":""MultiPoint"",""coordinates"":[]}"
271,0.3464501293640767,0.455884336635646,0.43952085473545516,0.5,0.6397483079514289,0.5487502835556468,0.4409457121549841,0.6693538394736253,"{""type"":""MultiPoint"",""coordinates"":[]}"
272,0.4365926810140098,0.49577748450829384,0.5402640146753782,0.5,0.62905650547591,0.5745188637723536,0.43464656670815033,0.6395660295663775,"{""type"":""MultiPoint"",""coordinates"":[]}"
273,0.5765630373619595,0.6286436061610448,0.8431495971060419,0.5,0.7947139448734498,0.36474408729332025,0.3199127463982638,0.7436071645873898,"{""type"":""MultiPoint"",""coordinates"":[]}"
274,0.7697429663822837,0.5828492191484748,0.7356988349419683,0.5,0.6033931112414339,0.43797592364355753,0.13649360405508482,0.8076963518168344,"{""type"":""MultiPoint"",""coordinates"":[]}"
275,0.7964405714992194,0.684244285518954,0.8863057933099102,0.5,0.9155200886847373,0.33705731395324756,0.15447513729283432,0.8138014549007363,"{""type"":""MultiPoint"",""coordinates"":[]}"
276,0.42013549420337265,0.5011196889511629,0.5283302759628499,0.5,0.7035760856006399,0.5311382724179289,0.39337267510043383,0.6349966397714125,"{""type"":""MultiPoint"",""coordinates"":[]}"
277,0.9455310357683934,0.5791490912919812,0.68859090014021,0.5,0.5415748991487688,0.4972654045363916,0.04514583910314154,0.8625823845148035,"{""type"":""MultiPoint"",""coordinates"":[]}"
278,0.7082667991403504,0.6667066265631818,0.9360439550677582,0.5,0.7573126244236367,0.34153094590249716,0.22452585255039478,0.717082127203262,"{""type"":""MultiPoint"",""coordinates"":[]}"
279,0.66450439527652,0.6239024239423521,0.7395831019947673,0.5,0.8696875996588528,0.4001659064128999,0.2797878751532504,0.746191348690133,"{""type"":""MultiPoint"",""coordinates"":[]}"
280,0.556323099368222,0.5520250576497185,0.6264939915751188,0.5,0.6852953683786306,0.5534955783174287,0.42928735097843407,0.6247308528120145,"{""type"":""MultiPoint"",""coordinates"":[]}"
281,0.5607094886697535,0.6186715072565541,0.5811343214636296,1.0,0.6453213833961085,0.41234117821787236,0.3996976993398979,0.6857566092984564,"{""type"":""MultiPoint"",""coordinates"":[]}"
282,0.9124647383385031,0.5568662580956738,0.5920298126934925,0.5,0.4723660006468477,0.5157368573867998,0.13069124351964675,0.6196896291142363,"{""type"":""MultiPoint"",""coordinates"":[]}"
283,0.457084483599885,0.5313031300972726,0.6031207387436206,0.5,0.6508890366936487,0.5466184613967702,0.486632406391966,0.5505740262435291,"{""type"":""MultiPoint"",""coordinates"":[]}"
284,0.8918706920167453,0.51269029829649,0.4788699980900688,0.5,0.46499913922973196,0.554759339014982,0.10959664527347143,0.7126988227936989,"{""type"":""MultiPoint"",""coordinates"":[]}"
285,0.10018511694729457,0.2939726484425983,0.263342646098632,0.1,0.3635267761641706,0.7228995685688272,0.7219154506530285,0.22661282209128633,"{""type"":""MultiPoint"",""coordinates"":[]}"
286,0.3324533409291743,0.5090454981330758,0.5488247577845566,0.5,0.7787322123940759,0.5074221071247319,0.4206907889270534,0.5557611907648369,"{""type"":""MultiPoint"",""coordinates"":[]}"
287,0.4812363806550734,0.4934058259830545,0.548118051514841,0.2,0.7692835738504201,0.5218573362907104,0.45010371538871075,0.5617627402806724,"{""type"":""MultiPoint"",""coordinates"":[]}"
288,0.5086733902831515,0.32986030969778524,0.2058628225229756,0.1,0.27760115461748214,0.7710764343412351,0.6641350607632591,0.38572219648827255,"{""type"":""MultiPoint"",""coordinates"":[]}"
289,0.14179946892695036,0.2838247352165072,0.2534389865816229,0.1,0.2951334363247311,0.7960899597603307,0.7706894809321104,0.29249745560352447,"{""type"":""MultiPoint"",""coordinates"":[]}"
290,0.44123425213908896,0.3395400315716164,0.3933263450579421,0.1,0.3230959959224889,0.7280457344160189,0.3822190196409474,0.5184026606310621,"{""type"":""MultiPoint"",""coordinates"":[]}"
291,0.8128684520158256,0.5968970196295266,0.78648745885875,0.5,0.5976439221999144,0.4298970730328565,0.1286750511779904,0.9364584326565292,"{""type"":""MultiPoint"",""coordinates"":[]}"
292,0.5068231860902837,0.41138060273720567,0.3757225536224289,0.1,0.5164833950359802,0.6602572165536063,0.6382650915649759,0.48375939285984393,"{""type"":""MultiPoint"",""coordinates"":[]}"
293,0.9692559483024429,0.6368584395355432,0.8539124718507233,0.5,0.5378390320088008,0.4237060529207444,0.03345846597108681,0.7424392838796093,"{""type"":""MultiPoint"",""coordinates"":[]}"
294,0.9433052004425556,0.6942712440260128,0.8634203758566926,0.5,0.7576130417137739,0.3510508073887659,0.13733378324804218,0.5503028773933024,"{""type"":""MultiPoint"",""coordinates"":[]}"
295,0.4196722847312733,0.422078199462118,0.49059059070174416,0.1,0.6017990155045891,0.5764768132873742,0.46183109519510773,0.5661837135206883,"{""type"":""MultiPoint"",""coordinates"":[]}"
296,0.8968145966904012,0.6583361812706356,0.7997525972843444,0.5,0.6908273244042764,0.36383264562765166,0.14102807116402225,0.5461705720561834,"{""type"":""MultiPoint"",""coordinates"":[]}"
297,0.14090691073258818,0.3306562562107178,0.3125335903597333,0.1,0.34984074338942545,0.7410396008799549,0.8399998186554102,0.06061313623385067,"{""type"":""MultiPoint"",""coordinates"":[]}"
298,0.8852719102614095,0.6452211244633825,0.8478400327924395,0.5,0.6813506783716371,0.3551488997587926,0.09243170624420297,0.8944829638259161,"{""type"":""MultiPoint"",""coordinates"":[]}"
299,0.8175811917193165,0.4635391654593497,0.4250307587756897,0.1,0.23695482621189398,0.8397034954237337,0.8054271626198687,0.06700706459667355,"{""type"":""MultiPoint"",""coordinates"":[]}"
300,0.051829077667203106,0.3182239646182633,0.27938295897201326,0.3,0.361395565424467,0.7514801218855326,0.7743258658964817,0.269629997458911,"{""type"":""MultiPoint"",""coordinates"":[]}"
301,0.3324533409291743,0.49653204178939236,0.539360128631646,0.5,0.7122431955404762,0.5091615723988894,0.4206907889270534,0.5557611907648369,"{""type"":""MultiPoint"",""coordinates"":[]}"
302,0.9160841513989966,0.61682729106515,0.6657820279915959,0.5,0.6806526755279908,0.4454589209365035,0.12934399967123197,0.5664291083043964,"{""type"":""MultiPoint"",""coordinates"":[]}"
303,0.49684568409760166,0.35875607898526485,0.30232212100080386,0.1,0.14474550268701433,0.8625927629531612,0.883236898156475,0.0993965401568,"{""type"":""MultiPoint"",""coordinates"":[]}"
304,0.8735673164802071,0.6613030401922169,0.8133695183864189,0.5,0.6763920334441704,0.33179091140828615,0.16292294883131214,0.5264962291871503,"{""type"":""MultiPoint"",""coordinates"":[]}"
305,0.667335784581186,0.5901772567134473,0.7393046073758873,0.5,0.676210114586867,0.4634901685016169,0.2728994328296184,0.7097699133518371,"{""type"":""MultiPoint"",""coordinates"":[]}"
306,0.8121518687827888,0.5897383408691654,0.7209923647169081,0.5,0.6363561830680562,0.41989668694727866,0.12787317585379435,0.8838240083495877,"{""type"":""MultiPoint"",""coordinates"":[]}"
307,0.40880548787674453,0.5903210835218964,0.7321077201195706,0.5,0.8560441933566597,0.44325930181592904,0.45365421599706013,0.5782612900991448,"{""type"":""MultiPoint"",""coordinates"":[]}"
308,0.5890181167751665,0.48595100620976117,0.4933352284588636,0.5,0.41618257134938863,0.5611846403766767,0.43357679743827376,0.5970605133711202,"{""type"":""MultiPoint"",""coordinates"":[]}"
309,0.7526415016935399,0.6033881245849674,0.7840689529579499,0.5,0.6566763760259394,0.4070687770315152,0.13320597487178457,0.7854518036229211,"{""type"":""MultiPoint"",""coordinates"":[]}"
310,0.6231978794316727,0.6487180600415207,0.886489013453911,0.5,0.7926107642003105,0.33302189946971,0.29159729490123526,0.745858467629816,"{""type"":""MultiPoint"",""coordinates"":[]}"
311,0.8221949461195814,0.6434095493326549,0.880882477047513,0.5,0.6811644852960683,0.31269760526363366,0.09595266305828817,0.9350047545403078,"{""type"":""MultiPoint"",""coordinates"":[]}"
312,0.9908870287811895,0.7232824888566461,0.9218505012458984,0.5,0.8342139982129845,0.3858450912165329,0.13404068038771424,0.6061840172026434,"{""type"":""MultiPoint"",""coordinates"":[]}"
313,0.7465967882316022,0.5582393910347567,0.6115977240726836,0.1,0.5556787413450255,0.6098856572312714,0.905899409431113,0.43865168102945223,"{""type"":""MultiPoint"",""coordinates"":[]}"
314,0.7347808026036767,0.42418158737205847,0.1509194637217774,0.0,0.6100312135054573,0.0,0.3305943793258945,0.7013711807505855,"{""type"":""MultiPoint"",""coordinates"":[]}"
315,0.6649967052468998,0.6643588479450577,0.9052568635376366,0.5,0.8299856914581674,0.3318266393868041,0.2608677508587786,0.7471334770930775,"{""type"":""MultiPoint"",""coordinates"":[]}"
316,0.7021766317682779,0.6279221202203099,0.7729841342459544,0.5,0.7964596095546064,0.3628598454247744,0.21735708651148633,0.713558104733927,"{""type"":""MultiPoint"",""coordinates"":[]}"
317,0.5566026140886272,0.5004941064648779,0.5253132509249854,0.5,0.5421451072406867,0.6508027947916541,0.4484346495235006,0.5647936128676303,"{""type"":""MultiPoint"",""coordinates"":[]}"
318,0.30936035852853605,0.3173888957476199,0.21972648008563553,0.1,0.19565496715244213,0.8678856404403529,0.9470976501759661,0.03368484051847723,"{""type"":""MultiPoint"",""coordinates"":[]}"
319,0.8175811917193165,0.47266472250070024,0.4633998757007216,0.1,0.24910332573409594,0.8625934666061109,0.8054271626198687,0.06700706459667355,"{""type"":""MultiPoint"",""coordinates"":[]}"
320,0.8442943246151932,0.6600828944274438,0.8487334491136584,0.5,0.8167046327502485,0.46038357591160406,0.15043102881852824,0.7493954595447827,"{""type"":""MultiPoint"",""coordinates"":[]}"
321,0.8420851538447724,0.5273568412698693,0.48983970675507293,0.1,0.403905424771783,0.6141602785350391,0.8342660443803531,0.2223301297630475,"{""type"":""MultiPoint"",""coordinates"":[]}"
322,0.379567268142729,0.49456574027477207,0.48443072946046606,0.5,0.6502833662777866,0.5676469538835224,0.5702768887951893,0.5052178830344989,"{""type"":""MultiPoint"",""coordinates"":[]}"
323,0.5472350367843661,0.6091747990272917,0.7581249805675604,0.5,0.7949448909474626,0.45029917366383926,0.4478359199091792,0.6759772347625013,"{""type"":""MultiPoint"",""coordinates"":[]}"
324,0.1437987378375556,0.20358000859907915,0.09166781410595323,0.1,0.18495292292183246,0.85805159791207,0.5954600425032708,0.29160950784630346,"{""type"":""MultiPoint"",""coordinates"":[]}"
325,0.9526329072712238,0.5877381576728175,0.6896006467115876,0.5,0.5356823763355345,0.5117999543162118,0.06889032675304593,0.7249995830667568,"{""type"":""MultiPoint"",""coordinates"":[]}"
326,0.30962875047891786,0.4845904752619249,0.5203052336556531,0.5,0.7003074106957903,0.4906841033157618,0.4556709920340938,0.6791276744794753,"{""type"":""MultiPoint"",""coordinates"":[]}"
327,0.5732710722807306,0.4660376333388664,0.4725214201004715,0.5,0.3865030996196242,0.5780938781309417,0.3957997389443611,0.6298597433336623,"{""type"":""MultiPoint"",""coordinates"":[]}"
328,0.9510594248565168,0.5823222082426082,0.58043808491643,0.5,0.6087957852172161,0.5123749443240101,0.12556903538854666,0.6127594969367745,"{""type"":""MultiPoint"",""coordinates"":[]}"
329,0.5917370803544734,0.5106837762374973,0.583961146542485,0.2,0.6196740785101505,0.544614844805318,0.4115925196622704,0.26605611462473033,"{""type"":""MultiPoint"",""coordinates"":[]}"
330,0.24158161330659342,0.5298475293643912,0.5863927395964271,0.5,0.8194513760753278,0.49862440466067875,0.5627463022675732,0.387937487360458,"{""type"":""MultiPoint"",""coordinates"":[]}"
331,0.4430086426495608,0.5969259394232819,0.730918824962949,0.5,0.8388245772771324,0.4477162747815959,0.4349440042157896,0.47903909764713704,"{""type"":""MultiPoint"",""coordinates"":[]}"
332,0.15431934215040055,0.43692314837495927,0.46030674383381015,0.3,0.7135043735596209,0.5639628733177401,0.6829566083914453,0.45884871109774134,"{""type"":""MultiPoint"",""coordinates"":[]}"
333,0.546258371829098,0.35022150385389583,0.34391134873503504,0.1,0.3346863099145495,0.7106732467423584,0.3578517197050098,0.4985760295826012,"{""type"":""MultiPoint"",""coordinates"":[]}"
334,0.5256130725671174,0.3925611539847903,0.29513134108262,0.1,0.48977968232214936,0.6522079193667901,0.6098973991928296,0.4116039226042901,"{""type"":""MultiPoint"",""coordinates"":[]}"
335,0.6255803473687842,0.4402956066759991,0.31398469390021244,0.2,0.7013279229923874,0.48489029529372146,0.2723801391852917,0.5452961822165214,"{""type"":""MultiPoint"",""coordinates"":[]}"
336,0.9230458833495239,0.5917142287115498,0.668475364108395,0.5,0.5186527957536086,0.4892038637882517,0.1358516180594157,0.5495296755122292,"{""type"":""MultiPoint"",""coordinates"":[]}"
337,0.6970329435255969,0.5671103273699167,0.6773175682578316,0.5,0.5210378801006282,0.45092201207221305,0.2871568872997442,0.5680964587501607,"{""type"":""MultiPoint"",""coordinates"":[]}"
338,0.4647246898214202,0.3821310588214101,0.2670949946477509,0.1,0.3288154841564649,0.7707564833450339,0.8884797362729964,0.07364551442155244,"{""type"":""MultiPoint"",""coordinates"":[]}"
339,0.5943193343105704,0.5923467334387307,0.6567675969067992,0.5,0.8480415698417707,0.42991244784980615,0.36192909693638825,0.7223386607001399,"{""type"":""MultiPoint"",""coordinates"":[]}"
340,0.686008899122532,0.6600786165882665,0.9196030008128304,0.5,0.821231110325913,0.3579429297085754,0.19894408002299,0.786173900395516,"{""type"":""MultiPoint"",""coordinates"":[]}"
341,0.8338951569413743,0.655774237317794,0.9028444649749716,0.5,0.6717591364414007,0.34066756373328894,0.1077493673061785,0.7837592227544546,"{""type"":""MultiPoint"",""coordinates"":[]}"
342,0.43029639205394943,0.436438465204963,0.4674462221116735,0.2,0.6052347588629704,0.5633338427634095,0.4261982620527973,0.4710804898425925,"{""type"":""MultiPoint"",""coordinates"":[]}"
343,0.8748899289822285,0.6266177819187913,0.714372010180377,0.5,0.713828581975527,0.49238398811150197,0.1847675642323198,0.5653170266231916,"{""type"":""MultiPoint"",""coordinates"":[]}"
344,0.43812604305828734,0.49947218305146535,0.5289532244524493,0.5,0.6485713266699367,0.5905268628287198,0.4238828520675016,0.5202525919534614,"{""type"":""MultiPoint"",""coordinates"":[]}"
345,0.23454662787075325,0.3191101557426604,0.2047268576301749,0.1,0.4126802692828062,0.6835935851672351,0.7753789957779609,0.3012293138505502,"{""type"":""MultiPoint"",""coordinates"":[]}"
346,0.49789852042783794,0.5210684274831148,0.5029603933569927,0.5,0.6362634569437068,0.5154932175529869,0.5417406562945916,0.5463127471483502,"{""type"":""MultiPoint"",""coordinates"":[]}"
347,0.5476274892695269,0.5602984097327793,0.6299295102136898,0.5,0.7974028783028884,0.4884683001773456,0.35949890857646016,0.7684591651978648,"{""type"":""MultiPoint"",""coordinates"":[]}"
348,0.08101088731764312,0.3337006212639062,0.3271179138221276,0.1,0.4738693175756871,0.6863134852787733,0.8062953973092567,0.24719246989111554,"{""type"":""MultiPoint"",""coordinates"":[]}"
349,0.744401231829648,0.4734606399247594,0.4070263259586299,0.5,0.3879504805920293,0.5540273288514715,0.30155601892507883,0.7024325805398568,"{""type"":""MultiPoint"",""coordinates"":[]}"
350,0.6673412749176422,0.4922489332672568,0.5477149671980424,0.5,0.41808369396315,0.6267249518823422,0.28127297366309956,0.6263083957666071,"{""type"":""MultiPoint"",""coordinates"":[]}"
351,0.6971675608920703,0.5603507562419091,0.5591897830736955,0.3,0.5222562453821792,0.6874877413211324,0.8721346494659784,0.21366658653480525,"{""type"":""MultiPoint"",""coordinates"":[]}"
352,0.41541853813705554,0.5162166122493717,0.5800203429881103,0.5,0.7376177773613468,0.5139282933929877,0.32901495622475646,0.5804702802489188,"{""type"":""MultiPoint"",""coordinates"":[]}"
353,0.6754281216038887,0.5005461577824339,0.558678860614998,0.5,0.4258430440449091,0.5867031423350814,0.2692001526467806,0.6267067865999911,"{""type"":""MultiPoint"",""coordinates"":[]}"
354,0.5809584767763588,0.5956470461999589,0.7125104935173381,0.5,0.8453219873463949,0.4518007338757234,0.3186718308033759,0.7431536065874363,"{""type"":""MultiPoint"",""coordinates"":[]}"
355,0.3856552746594962,0.47644332036361203,0.5072599594028577,0.5,0.614149107423565,0.5676724964855944,0.38820263670742217,0.5335620910943831,"{""type"":""MultiPoint"",""coordinates"":[]}"
356,0.7310929134590883,0.5429605993369075,0.5530283513740403,0.1,0.587199059192208,0.6700707124157597,0.8594450741733388,0.27064732506018757,"{""type"":""MultiPoint"",""coordinates"":[]}"
357,0.7105243147611507,0.5146650720884723,0.5819038460684292,0.5,0.4407831485452418,0.587063553375887,0.26070343693309195,0.6279442603674352,"{""type"":""MultiPoint"",""coordinates"":[]}"
358,0.7431001225330226,0.5868710789312875,0.7180730570891762,0.5,0.5722215210629074,0.4301944719520218,0.1342707167805575,0.4501612497980156,"{""type"":""MultiPoint"",""coordinates"":[]}"
359,0.43849117860829734,0.5243094815770057,0.5158590914945875,0.5,0.7085787469329767,0.5443440087850016,0.5580015908460969,0.500121945287132,"{""type"":""MultiPoint"",""coordinates"":[]}"
360,0.5349164366991284,0.4928390405792228,0.5531138541079061,0.3,0.6065598145025961,0.5933484056088335,0.4492851704338298,0.4800071789093694,"{""type"":""MultiPoint"",""coordinates"":[]}"
361,0.5817817332536843,0.4630161094779317,0.48297718298473336,0.3,0.5356859887484626,0.6224376296428336,0.35768716377749105,0.4592476928944713,"{""type"":""MultiPoint"",""coordinates"":[]}"
362,0.9342851778518159,0.6087835536608931,0.7337619362768271,0.5,0.5465281381567324,0.4477151489368765,0.0789807649437145,0.6323949660574094,"{""type"":""MultiPoint"",""coordinates"":[]}"
363,0.5525968023677994,0.49574296271955154,0.49677976716606176,0.5,0.5447603926015525,0.623176359692013,0.4000458026077221,0.46744685454655194,"{""type"":""MultiPoint"",""coordinates"":[]}"
364,0.7021578014576276,0.4895363875665045,0.5171538471788539,0.5,0.43205847141875825,0.5970320288001986,0.21986531565752107,0.6455146783656096,"{""type"":""MultiPoint"",""coordinates"":[]}"
365,0.6800595401389117,0.5330693239278038,0.6351109758860082,0.2,0.708167417277155,0.42022641871947997,0.3086429623997865,0.7357419006216899,"{""type"":""MultiPoint"",""coordinates"":[]}"
366,0.6407133120606898,0.402383844968102,0.3772713745730424,0.1,0.17671892435889547,0.9222103923990599,0.8344097125150187,0.056088635054536956,"{""type"":""MultiPoint"",""coordinates"":[]}"
367,0.5951118341238573,0.5651655789234155,0.6246674276780122,0.5,0.7335610263542456,0.49921431211100936,0.39198757653303373,0.686702504323967,"{""type"":""MultiPoint"",""coordinates"":[]}"
368,0.9310214018877244,0.6965162892758362,0.8647529970373861,0.5,0.7826805571469614,0.3328805355921273,0.13691981946654735,0.5736450464108281,"{""type"":""MultiPoint"",""coordinates"":[]}"
369,0.7879001289420764,0.6234154850432467,0.7171386343547763,0.5,0.7904265413008863,0.46865206099223305,0.1765281068847801,0.5560157023650066,"{""type"":""MultiPoint"",""coordinates"":[]}"
370,0.4354637664068639,0.5239598915346301,0.5871683715393606,0.5,0.6076773539526853,0.581120570928523,0.5521040397838507,0.4634980922003681,"{""type"":""MultiPoint"",""coordinates"":[]}"
371,0.5769780171313249,0.6534326235448471,0.8802333542516271,0.5,0.8437718783813455,0.35763230211395686,0.3639954480024502,0.684468295807514,"{""type"":""MultiPoint"",""coordinates"":[]}"
372,0.5712717862204785,0.5294763096786324,0.6503304625142688,0.5,0.5177005975721198,0.5313196389656986,0.32957907729438096,0.596833933254334,"{""type"":""MultiPoint"",""coordinates"":[]}"
373,0.9415075525629651,0.44282069145955605,0.3868843247949046,0.0,0.412729059434917,0.4150938685568638,0.1450282093605519,0.5420938649473881,"{""type"":""MultiPoint"",""coordinates"":[]}"
374,0.8121518687827888,0.5811827737941491,0.7083990334859794,0.5,0.6127850349021178,0.43861230737121193,0.12787317585379435,0.8838240083495877,"{""type"":""MultiPoint"",""coordinates"":[]}"
375,0.17250052156359436,0.33279264776747763,0.27852793163334716,0.1,0.40818037680853475,0.7292996439722773,0.8382255158733503,0.16918166329930986,"{""type"":""MultiPoint"",""coordinates"":[]}"
376,0.45532986663053426,0.5499619019488635,0.6364668049516081,0.5,0.6799340113757141,0.48022085431991085,0.4816669447743171,0.5471096673388633,"{""type"":""MultiPoint"",""coordinates"":[]}"
377,0.8918706920167453,0.5585709025965612,0.5386638920844453,0.5,0.6672007870826887,0.5487405027796468,0.10959664527347143,0.7126988227936989,"{""type"":""MultiPoint"",""coordinates"":[]}"
378,0.5974753541527573,0.6191141407500262,0.750840147642123,0.5,0.8924812930632077,0.4024481343897621,0.3168353317529472,0.76803761373711,"{""type"":""MultiPoint"",""coordinates"":[]}"
379,0.5845260636084739,0.6067337805499695,0.742807776529167,0.5,0.7481596788113355,0.4199580103018398,0.43282149004756204,0.6876735220057917,"{""type"":""MultiPoint"",""coordinates"":[]}"
380,0.3717360785701882,0.40106063519149693,0.3141145184593902,0.0,0.662595751167402,0.30489719012510513,0.5498504602899901,0.5139979965797411,"{""type"":""MultiPoint"",""coordinates"":[]}"
381,0.5809561076753386,0.5387316458438013,0.5592944802988379,0.5,0.6551910310278048,0.530731490647742,0.35478896134312776,0.45935194979370403,"{""type"":""MultiPoint"",""coordinates"":[]}"
382,0.8520300421118328,0.6491886625395603,0.8822693125990203,0.5,0.7011704782326721,0.3292366336097694,0.0904660471583681,0.9616637424464408,"{""type"":""MultiPoint"",""coordinates"":[]}"
383,0.5028621520935852,0.44911852257601337,0.5493273044652411,0.1,0.6386597736371749,0.5996751603749311,0.4000197404644777,0.592383160270897,"{""type"":""MultiPoint"",""coordinates"":[]}"
384,0.8218978897618783,0.45439197134046316,0.39281332865474206,0.1,0.2472448295928867,0.8113173614170138,0.852850278721009,0.28861909889861054,"{""type"":""MultiPoint"",""coordinates"":[]}"
385,0.4361478339122238,0.52321630101382,0.6439945354393761,0.5,0.6000492417037269,0.5265038381783629,0.4120727893824637,0.5715236200887578,"{""type"":""MultiPoint"",""coordinates"":[]}"
386,0.9332754091810488,0.6062393209752922,0.7423191894785003,0.5,0.5243195427588336,0.4377152905910109,0.06160110566344507,0.6406414230322209,"{""type"":""MultiPoint"",""coordinates"":[]}"
387,0.9226049953658658,0.4972975327075425,0.41370164653836144,0.5,0.42330180186027977,0.5529469752952418,0.11769281459638897,0.7123746441875548,"{""type"":""MultiPoint"",""coordinates"":[]}"
388,0.42781718786706535,0.3280947845710622,0.27965866166488856,0.1,0.27214325023466573,0.7980404857367326,0.6625418748633608,0.39309889732871395,"{""type"":""MultiPoint"",""coordinates"":[]}"
389,0.8067941039666341,0.48226573334646794,0.44476095085385375,0.1,0.3022568662656512,0.8078301981291882,0.8607588803287146,0.11829446640245327,"{""type"":""MultiPoint"",""coordinates"":[]}"
390,0.856211926791958,0.682549357556025,0.9846583666090718,0.5,0.7372346527483407,0.292155037912579,0.06485810062474665,0.9542624727620456,"{""type"":""MultiPoint"",""coordinates"":[]}"
391,0.4232236259492996,0.42678259614317804,0.3515961250605181,0.3,0.41387024325649996,0.6978955424645518,0.8073871149083705,0.2758170808933646,"{""type"":""MultiPoint"",""coordinates"":[]}"
392,0.23454662787075325,0.29641398708892597,0.19556585043017857,0.1,0.32337491935570356,0.7536947288139343,0.7753789957779609,0.3012293138505502,"{""type"":""MultiPoint"",""coordinates"":[]}"
393,0.5062201604592103,0.5250438803556039,0.48923109723326447,0.5,0.6370086342313378,0.5675756738397238,0.6266628364211462,0.4993587487479431,"{""type"":""MultiPoint"",""coordinates"":[]}"
394,0.8075000764690786,0.5524944032436457,0.709894776116088,0.2,0.7130081804219637,0.4616488494629991,0.1386731780144719,0.8226593199526769,"{""type"":""MultiPoint"",""coordinates"":[]}"
395,0.032074474638089524,0.21032626273151406,0.14182127485686663,0.1,0.17020809191784694,0.8671109185427993,0.7730842593688517,0.25344997561205534,"{""type"":""MultiPoint"",""coordinates"":[]}"
396,0.8553840399103746,0.6475055486451399,0.8159003993088713,0.5,0.672019889155367,0.3359886234446582,0.09573167472520555,0.5864729533102528,"{""type"":""MultiPoint"",""coordinates"":[]}"
397,0.8175811917193165,0.4716427177038436,0.43063729518208727,0.1,0.27541722522660833,0.8303779125168606,0.8054271626198687,0.06700706459667355,"{""type"":""MultiPoint"",""coordinates"":[]}"
398,0.431377767844069,0.30138329246789264,0.22627354656456625,0.1,0.038530267222601965,0.9174273114738825,0.8404721292965386,0.09089339215437309,"{""type"":""MultiPoint"",""coordinates"":[]}"
399,0.10403149331481669,0.2536783093494701,0.20529222264594713,0.1,0.2936818784998778,0.7769908484788437,0.6519332908511906,0.29995141974392614,"{""type"":""MultiPoint"",""coordinates"":[]}"
400,0.7845556124474897,0.6247868177407858,0.7852855347141089,0.5,0.7811428094074006,0.44125269469944084,0.14725040671601736,0.824337620800142,"{""type"":""MultiPoint"",""coordinates"":[]}"
401,0.6343188585303985,0.6220365280076506,0.7355064537907693,0.5,0.8782470088938735,0.42699056415907377,0.2607162370917497,0.5762695154693986,"{""type"":""MultiPoint"",""coordinates"":[]}"
402,0.7178129165028981,0.4871958933684233,0.5378760454652457,0.5,0.3786905341799174,0.598902514253579,0.20800340524349697,0.6709874104889447,"{""type"":""MultiPoint"",""coordinates"":[]}"
403,0.66450439527652,0.6416227990760552,0.8007419860619441,0.5,0.8798046587709104,0.39103495391189724,0.2797878751532504,0.746191348690133,"{""type"":""MultiPoint"",""coordinates"":[]}"
404,0.5615363049234592,0.5712534330893233,0.5668065062028349,0.5,0.7445537061381104,0.5283795306635706,0.5456503052381207,0.42331175648497626,"{""type"":""MultiPoint"",""coordinates"":[]}"
405,0.4750188281669543,0.4143595719312402,0.38783706954370395,0.1,0.4526203935385221,0.6934542961423094,0.7106532671089046,0.24432834431028902,"{""type"":""MultiPoint"",""coordinates"":[]}"
406,0.6352368496488664,0.6694262804578545,0.902667352169104,0.5,0.8980246761669364,0.3909340148962714,0.2626950491417039,0.6033546472755698,"{""type"":""MultiPoint"",""coordinates"":[]}"
407,0.43470044794018586,0.5187274339213156,0.5916878017580258,0.5,0.6883138695772179,0.5554112031075285,0.40730614876337135,0.5914236221679009,"{""type"":""MultiPoint"",""coordinates"":[]}"
408,0.48783108079479687,0.3399028441617674,0.2825587748013446,0.1,0.27029888765903787,0.7660494673037124,0.6337081852727744,0.4122754128658003,"{""type"":""MultiPoint"",""coordinates"":[]}"
409,0.496078825454128,0.45288641892875703,0.592186160549705,0.1,0.6047737246630155,0.5267273183551685,0.3913492960779363,0.73108285542448,"{""type"":""MultiPoint"",""coordinates"":[]}"
410,0.4951563313287705,0.49675287547909597,0.4953323280284621,0.5,0.5660010024445875,0.5912645725811223,0.44451268080090095,0.42672867964879296,"{""type"":""MultiPoint"",""coordinates"":[]}"
411,0.8474456748539367,0.4919075235594471,0.4031322871648184,0.1,0.3662207556829182,0.7438681450069176,0.8666039200508154,0.21142748118744661,"{""type"":""MultiPoint"",""coordinates"":[]}"
412,1.0,0.5763767027257611,0.6788639462731909,0.5,0.4831205490416099,0.47456461044952514,0.0,0.8670181030765102,"{""type"":""MultiPoint"",""coordinates"":[]}"
413,0.8217230515770494,0.6027847316518964,0.7904450139691492,0.5,0.6166573101408898,0.4584874423082093,0.13554233320066847,0.8875043553236038,"{""type"":""MultiPoint"",""coordinates"":[]}"
414,0.2477774224942959,0.47269391466824495,0.48615299881406626,0.5,0.6875217831321765,0.5329560542653813,0.5289331567588192,0.5225159450660208,"{""type"":""MultiPoint"",""coordinates"":[]}"
415,0.5866341298694602,0.5857781816796281,0.6992258116097166,0.5,0.8043641334809154,0.4796310876001701,0.24694990506723,0.5748319793107282,"{""type"":""MultiPoint"",""coordinates"":[]}"
416,0.3453293338890464,0.43361090052886897,0.5187975936135965,0.1,0.690991993989848,0.5395193067878529,0.47333379627189826,0.5436922539844233,"{""type"":""MultiPoint"",""coordinates"":[]}"
417,0.884188527962774,0.5361389775230537,0.515175069623655,0.5,0.55557456838721,0.5768551322957481,0.1242791824256185,0.651421714929668,"{""type"":""MultiPoint"",""coordinates"":[]}"
418,0.8703388908351988,0.6483093614159596,0.9150347118890995,0.5,0.6361845200768315,0.36210760523896185,0.09666960653466065,0.9680194572889924,"{""type"":""MultiPoint"",""coordinates"":[]}"
419,0.6044815551337933,0.36156688682619786,0.2988287235885379,0.1,0.14603707577431224,0.8579565343985736,0.7802972558843402,0.26352477224837545,"{""type"":""MultiPoint"",""coordinates"":[]}"
420,0.8736359787604705,0.6475583634578771,0.8490021719915262,0.5,0.6276632119205111,0.34729929927908426,0.10619815985217594,0.6891748627496859,"{""type"":""MultiPoint"",""coordinates"":[]}"
421,0.8900916368027205,0.6552201591842486,0.8503946450859242,0.5,0.6451877452842489,0.3503341896335288,0.08091895436577295,0.6046693542727659,"{""type"":""MultiPoint"",""coordinates"":[]}"
422,0.5060030116492477,0.6068178435777649,0.7182039286206048,0.5,0.8273687918002742,0.4145411139822741,0.4908044094891743,0.6133077845593407,"{""type"":""MultiPoint"",""coordinates"":[]}"
423,0.7300552619148657,0.6191734070509975,0.7949522295115458,0.5,0.631844509329903,0.35990967488546655,0.15214712825188714,0.49152248891979183,"{""type"":""MultiPoint"",""coordinates"":[]}"
424,0.5260689003418536,0.5904446415776305,0.7138589937771779,0.5,0.8465740948224527,0.44885594628148023,0.37134823929628646,0.749384609197665,"{""type"":""MultiPoint"",""coordinates"":[]}"
425,0.839022513821744,0.47491924807532704,0.4062296907308966,0.1,0.2953410597577764,0.7890141664293414,0.8334897235290476,0.16382784090765987,"{""type"":""MultiPoint"",""coordinates"":[]}"
426,0.7879001289420764,0.6353953931476795,0.815781742453709,0.5,0.6642396982026553,0.40618048554788977,0.1765281068847801,0.5560157023650066,"{""type"":""MultiPoint"",""coordinates"":[]}"
427,0.6871794506187214,0.5749595435515431,0.6880615975019875,0.5,0.6186086227167716,0.4336225635747252,0.2385665031576497,0.6555486662701244,"{""type"":""MultiPoint"",""coordinates"":[]}"
428,0.6031122245477777,0.5380599825909971,0.663400166119598,0.5,0.5519174405602852,0.5453940348991018,0.3031866666788527,0.6395876622095171,"{""type"":""MultiPoint"",""coordinates"":[]}"
429,0.40022102707977014,0.5001920162195373,0.5249590253132501,0.5,0.6743333136720234,0.5418788662238805,0.42236699053466303,0.5058151001322203,"{""type"":""MultiPoint"",""coordinates"":[]}"
430,0.5224787347765958,0.5042585709774605,0.5871439421868274,0.5,0.5675734349926538,0.6185329890599865,0.3959555960593712,0.6980287494680415,"{""type"":""MultiPoint"",""coordinates"":[]}"
431,0.1744952972671259,0.463812470333137,0.48254722638014813,0.5,0.6849615419133033,0.5367737937089477,0.5927850748443346,0.5013751023171885,"{""type"":""MultiPoint"",""coordinates"":[]}"
432,0.942854968352115,0.5824060139394185,0.6655621638187967,0.5,0.5144938247494312,0.5030205820114967,0.08524284492113368,0.6590364137816429,"{""type"":""MultiPoint"",""coordinates"":[]}"
433,0.3000270658153683,0.46540457520756207,0.46414215218154087,0.5,0.6188016412772364,0.5216609819351135,0.4787701097015907,0.4833506993825993,"{""type"":""MultiPoint"",""coordinates"":[]}"
434,0.5513954158091663,0.5384652393074354,0.6067185161167099,0.5,0.6511564900102672,0.5543603677925362,0.4273865616370921,0.6693913153914204,"{""type"":""MultiPoint"",""coordinates"":[]}"
435,0.8323153242579766,0.5929075990445216,0.7284433172395722,0.5,0.5353758856761619,0.429489657975015,0.11387886020745186,0.5882319638326947,"{""type"":""MultiPoint"",""coordinates"":[]}"
436,0.30329533988644913,0.4859428076767235,0.5378943674796455,0.5,0.6935796528584064,0.494915625876364,0.45678417189338316,0.6882730940188121,"{""type"":""MultiPoint"",""coordinates"":[]}"
437,0.7141438993180806,0.5658639904325456,0.7283333851531718,0.2,0.7870203294181927,0.45836778612412304,0.1963551415475337,0.6179984134886686,"{""type"":""MultiPoint"",""coordinates"":[]}"
438,0.330090724931574,0.5097659844003123,0.5374546391340459,0.5,0.7768664011166871,0.46836972024619006,0.4555939742604973,0.6173641187689555,"{""type"":""MultiPoint"",""coordinates"":[]}"
439,0.39673850983865666,0.4429290254788084,0.4629730331674465,0.5,0.42917249215287956,0.6600693412160524,0.46942652718258293,0.4494705440073902,"{""type"":""MultiPoint"",""coordinates"":[]}"
440,0.6816647150982926,0.6183611337851949,0.7215053811201082,0.5,0.8565035342380546,0.46138357230098487,0.2398420598861441,0.5933906681742956,"{""type"":""MultiPoint"",""coordinates"":[]}"
441,0.43029639205394943,0.45164876463878656,0.5044163827679787,0.2,0.641794768097201,0.5584962639172824,0.4261982620527973,0.4710804898425925,"{""type"":""MultiPoint"",""coordinates"":[]}"
442,0.6742175795845813,0.6605102510029147,0.8623772425035202,0.5,0.8747343211401227,0.3931853525086444,0.29987489463030076,0.736133558461311,"{""type"":""MultiPoint"",""coordinates"":[]}"
443,0.6309028843633512,0.5914394833505956,0.733175631816027,0.5,0.7255847226541753,0.49717005956171545,0.2743138448762037,0.5917417681131302,"{""type"":""MultiPoint"",""coordinates"":[]}"
444,0.636216672588833,0.4937418279778143,0.5286967162508495,0.5,0.5087418473766827,0.6146442510338014,0.2719501356552759,0.654351023426291,"{""type"":""MultiPoint"",""coordinates"":[]}"
445,0.30629594719214376,0.27846605236673516,0.07116138606240309,0.1,0.14860586260751868,0.8256697706308197,0.9727985687205477,0.051744855747899166,"{""type"":""MultiPoint"",""coordinates"":[]}"
446,0.13411268671845558,0.26589990535643826,0.17051180445350253,0.1,0.30275382139666046,0.7970574122007906,0.7636638464439333,0.21248599468883664,"{""type"":""MultiPoint"",""coordinates"":[]}"
447,0.4344514620385318,0.42335133943646697,0.40993341891009544,0.5,0.41000972529293,0.6787992457948633,0.4079109261813731,0.5086986906270737,"{""type"":""MultiPoint"",""coordinates"":[]}"
448,0.6223368545352997,0.37266113397105227,0.2655233729681075,0.1,0.21250836358258796,0.774727337670442,0.7266474921364956,0.20510700324056147,"{""type"":""MultiPoint"",""coordinates"":[]}"
449,0.8328719429486463,0.5400464974919086,0.6551064009345338,0.5,0.4560743570046098,0.5321873837831945,0.1371918621061994,0.8843218542889224,"{""type"":""MultiPoint"",""coordinates"":[]}"
450,0.357446486889651,0.48439724431134334,0.49348180457406254,0.5,0.6783991352222114,0.5258923285824783,0.41650369285951233,0.5256702184227515,"{""type"":""MultiPoint"",""coordinates"":[]}"
451,0.14089609910614295,0.22504815243293255,0.16242917867247764,0.1,0.12396089788781087,0.8685166764055899,0.7193947015448123,0.248405985070186,"{""type"":""MultiPoint"",""coordinates"":[]}"
452,0.6391232483888357,0.6180725986771645,0.8299717063680649,0.5,0.7238254211142149,0.4113932169641174,0.2767522994618059,0.7470939801903991,"{""type"":""MultiPoint"",""coordinates"":[]}"
453,0.8604400518159477,0.6298019756758751,0.7575875348118273,0.5,0.6435763381873251,0.4064889670010119,0.139110758309257,0.5296309649838883,"{""type"":""MultiPoint"",""coordinates"":[]}"
454,0.3852232824418921,0.48827350455091423,0.5219725369660525,0.5,0.6722179326386588,0.5618901228239856,0.4310143602134175,0.6401879962743855,"{""type"":""MultiPoint"",""coordinates"":[]}"
455,0.41110916544302945,0.39945231170813233,0.4633115541954078,0.1,0.5671693075851076,0.6058486595285971,0.3751815078959823,0.5121218180766035,"{""type"":""MultiPoint"",""coordinates"":[]}"
456,0.577451714836558,0.4962710101472737,0.45151915673682275,0.5,0.5186057553640099,0.5183652474322373,0.41522663520113395,0.49152248171469526,"{""type"":""MultiPoint"",""coordinates"":[]}"
457,0.9222299203713935,0.5227871991405213,0.4630379454470351,0.5,0.4305616681219799,0.4943952041548103,0.13056987889682062,0.6123997797602829,"{""type"":""MultiPoint"",""coordinates"":[]}"
458,0.39481216612015313,0.5152207787837549,0.571924455558566,0.5,0.7257701749028741,0.49377366750439333,0.37425843565086864,0.5727354275999168,"{""type"":""MultiPoint"",""coordinates"":[]}"
459,0.3892298462971793,0.39355837047438696,0.41922634461377184,0.1,0.5625352365481362,0.5885128673562603,0.47614289898983997,0.5447494716814053,"{""type"":""MultiPoint"",""coordinates"":[]}"
460,0.48783108079479687,0.3517835575442273,0.29005858602907547,0.1,0.31868088226412494,0.7385648534560713,0.6337081852727744,0.4122754128658003,"{""type"":""MultiPoint"",""coordinates"":[]}"
461,0.41926185941774563,0.464802733924075,0.515761374084455,0.2,0.6680437958501277,0.5579406947308941,0.5358794545583009,0.5198085368169549,"{""type"":""MultiPoint"",""coordinates"":[]}"
462,0.45275941898033306,0.5229614369857842,0.581427473694029,0.5,0.6245328303424624,0.5367505027963146,0.45625435059983527,0.4715524913102207,"{""type"":""MultiPoint"",""coordinates"":[]}"
463,0.3883737580487284,0.3490265886035341,0.31614145673815475,0.1,0.30718270737931297,0.7937439808262311,0.751697459098337,0.29112562249715723,"{""type"":""MultiPoint"",""coordinates"":[]}"
464,0.5732710722807306,0.39811714712734325,0.4846220927219777,0.1,0.3770071723329809,0.6733065308699739,0.3957997389443611,0.6298597433336623,"{""type"":""MultiPoint"",""coordinates"":[]}"
465,0.9836386209083315,0.5765971895759803,0.5596975646156372,0.5,0.5710436373837325,0.5578684295729661,0.13774383404242793,0.5739802362820277,"{""type"":""MultiPoint"",""coordinates"":[]}"
466,0.3951270801585973,0.5210950068669565,0.5601472867872738,0.5,0.7134594836845934,0.5585279283000161,0.5086673434987086,0.500001898682794,"{""type"":""MultiPoint"",""coordinates"":[]}"
467,0.2367001284422811,0.38888938485014346,0.4105063982695141,0.1,0.5841088995743562,0.6055654392163671,0.652583259036532,0.36790714647722456,"{""type"":""MultiPoint"",""coordinates"":[]}"
468,0.6374313819719888,0.5617392693241857,0.7214662941560541,0.5,0.5478048100407017,0.5034170552659714,0.28186610442388566,0.622584140622446,"{""type"":""MultiPoint"",""coordinates"":[]}"
469,0.4354637664068639,0.45631223556734113,0.5580192680965981,0.1,0.5899090800821146,0.5580719611886494,0.5521040397838507,0.4634980922003681,"{""type"":""MultiPoint"",""coordinates"":[]}"
470,0.7066002896991842,0.6028813517833879,0.7951773285456027,0.5,0.6662395007193782,0.4842587667714196,0.1998338282660072,0.6745293910043028,"{""type"":""MultiPoint"",""coordinates"":[]}"
471,0.9000457687286413,0.5632331537579054,0.6272258471433209,0.5,0.5138621943489444,0.5870217563906783,0.12982861268971402,0.5988495311179665,"{""type"":""MultiPoint"",""coordinates"":[]}"
472,0.3308338533657276,0.39744757336529496,0.45233056023167945,0.1,0.590477329568898,0.5743331697589436,0.49671155882436957,0.5522255141529548,"{""type"":""MultiPoint"",""coordinates"":[]}"
473,0.644553345509364,0.6286277136353785,0.7788329283983081,0.5,0.8327208073291342,0.38374373723037564,0.3166811397928572,0.7638609784337922,"{""type"":""MultiPoint"",""coordinates"":[]}"
474,0.868798644433239,0.6179407260813004,0.7629986363979584,0.5,0.5891855137726065,0.40904723803001786,0.107167298531122,0.5951699004167695,"{""type"":""MultiPoint"",""coordinates"":[]}"
475,0.721834981187655,0.6133033311463852,0.7286631814123717,0.5,0.7310945554728339,0.37869326818433496,0.1570014035760658,0.5144891460867377,"{""type"":""MultiPoint"",""coordinates"":[]}"
476,0.6305317292878098,0.4318596888938324,0.519499065022052,0.1,0.456605336549886,0.5934181376161428,0.3162098131292134,0.5978278250606494,"{""type"":""MultiPoint"",""coordinates"":[]}"
477,0.2866912026643587,0.3015716610622997,0.3079216775921925,0.1,0.11045914332756288,0.9180503961607885,0.8314442329288714,0.1131050808912562,"{""type"":""MultiPoint"",""coordinates"":[]}"
478,0.6930049426135688,0.530633356849443,0.6120032513247372,0.2,0.7424998123238596,0.33931947022972125,0.19952357880674587,0.7672765442147287,"{""type"":""MultiPoint"",""coordinates"":[]}"
479,0.81381573717859,0.6913166143819379,0.943323902122688,0.5,0.8020723961417172,0.319866720567069,0.16817037548962996,0.7483746699593163,"{""type"":""MultiPoint"",""coordinates"":[]}"
480,0.6652056540764281,0.35501352088552907,0.18398633732938305,0.1,0.14498753435320028,0.8169847933692989,0.8150626806371284,0.21160226283730732,"{""type"":""MultiPoint"",""coordinates"":[]}"
481,0.6829357439169171,0.6055898208574094,0.7379707647275688,0.5,0.736936081175434,0.4062168644053861,0.2601036072763351,0.7283821114255266,"{""type"":""MultiPoint"",""coordinates"":[]}"
482,0.5737029273011627,0.6316875983697772,0.7418143161928117,0.5,0.9636213536501457,0.3647156948968023,0.3550679012307988,0.7416997963915938,"{""type"":""MultiPoint"",""coordinates"":[]}"
483,0.3270845807403619,0.5178068129745941,0.6069317177388193,0.5,0.7630364475531265,0.504156383420158,0.4117302115071679,0.5911176509970634,"{""type"":""MultiPoint"",""coordinates"":[]}"
484,0.9536939852310471,0.6101418099282625,0.7405358467435675,0.5,0.5420967686401919,0.4550414779005851,0.07423599246897772,0.679298311134137,"{""type"":""MultiPoint"",""coordinates"":[]}"
485,0.7637936294482195,0.6411177608598759,0.8814687815083124,0.5,0.6687085165174759,0.2682975087417994,0.12631473742606275,0.862323215057876,"{""type"":""MultiPoint"",""coordinates"":[]}"
486,0.43285403626890245,0.392659014304483,0.3765629233495749,0.1,0.5228993000385512,0.6596799396737216,0.5815749809808078,0.4735384584636502,"{""type"":""MultiPoint"",""coordinates"":[]}"
487,0.5363146791373273,0.474539897178503,0.5056476221356581,0.2,0.7121772859377231,0.5167349187305691,0.317909205009834,0.5215793140292412,"{""type"":""MultiPoint"",""coordinates"":[]}"
488,0.15373973558505713,0.2566936090916393,0.16263019734475168,0.1,0.18853241773717325,0.8482821507245639,0.8737344618565068,0.21073962270660646,"{""type"":""MultiPoint"",""coordinates"":[]}"
489,0.8338951569413743,0.655774237317794,0.9028444649749716,0.5,0.6717591364414007,0.34066756373328894,0.1077493673061785,0.7837592227544546,"{""type"":""MultiPoint"",""coordinates"":[]}"
490,0.4257062306658577,0.5320584145984053,0.602021417879621,0.5,0.7336744786977702,0.5116025092985429,0.4456632938928622,0.6409087253753796,"{""type"":""MultiPoint"",""coordinates"":[]}"
491,0.48010179196523756,0.3441037695635426,0.24262899808562713,0.1,0.12257860808085483,0.9179028401372491,0.9611717156827144,0.005750342351729147,"{""type"":""MultiPoint"",""coordinates"":[]}"
492,0.9023728996599649,0.635696419425533,0.8009618502347436,0.5,0.6088923438859064,0.3962826216970745,0.09983938553782087,0.6341630206421283,"{""type"":""MultiPoint"",""coordinates"":[]}"
493,0.9023728996599649,0.5989609128616731,0.6993846024011839,0.5,0.5829988445923026,0.4708543188113687,0.09983938553782087,0.6341630206421283,"{""type"":""MultiPoint"",""coordinates"":[]}"
494,0.9124647383385031,0.5700045997254379,0.5936177206081569,0.5,0.567563094460647,0.5311188515965188,0.13069124351964675,0.6196896291142363,"{""type"":""MultiPoint"",""coordinates"":[]}"
495,0.7708627475782847,0.6559139562115872,0.9023119050897449,0.5,0.6987463516040524,0.34759697965942943,0.1609096015730593,0.6995956901695376,"{""type"":""MultiPoint"",""coordinates"":[]}"
496,0.9556803796578803,0.551990494923633,0.49284664140819756,0.5,0.5451973026564217,0.4986605724222902,0.1168318760094593,0.6190793423434541,"{""type"":""MultiPoint"",""coordinates"":[]}"
497,0.3919589845161157,0.42872658540752295,0.38694539817623774,0.5,0.4424351727100265,0.6423570243503633,0.5218095454812705,0.514241781187086,"{""type"":""MultiPoint"",""coordinates"":[]}"
498,0.6179248706129881,0.5675666182892907,0.6450708229138442,0.5,0.6801282886363085,0.5251274930088671,0.4024706652038898,0.6407924415343319,"{""type"":""MultiPoint"",""coordinates"":[]}"
499,0.8735673164802071,0.6655774244544431,0.8487823078187254,0.5,0.6644580033008423,0.35967799715179755,0.16292294883131214,0.5264962291871503,"{""type"":""MultiPoint"",""coordinates"":[]}"
