system:index,LST,date,.geo
2010_01_01,15350.0,2010-01-01,"{""type"":""MultiPoint"",""coordinates"":[]}"
2010_01_09,15362.0,2010-01-09,"{""type"":""MultiPoint"",""coordinates"":[]}"
2010_01_17,15374.0,2010-01-17,"{""type"":""MultiPoint"",""coordinates"":[]}"
2010_01_25,15386.0,2010-01-25,"{""type"":""MultiPoint"",""coordinates"":[]}"
2010_02_02,15398.0,2010-02-02,"{""type"":""MultiPoint"",""coordinates"":[]}"
2010_02_10,15410.0,2010-02-10,"{""type"":""MultiPoint"",""coordinates"":[]}"
2010_02_18,15422.0,2010-02-18,"{""type"":""MultiPoint"",""coordinates"":[]}"
2010_02_26,15434.0,2010-02-26,"{""type"":""MultiPoint"",""coordinates"":[]}"
2010_03_06,15446.0,2010-03-06,"{""type"":""MultiPoint"",""coordinates"":[]}"
2010_03_14,15458.0,2010-03-14,"{""type"":""MultiPoint"",""coordinates"":[]}"
2010_03_22,15470.0,2010-03-22,"{""type"":""MultiPoint"",""coordinates"":[]}"
2010_03_30,15482.0,2010-03-30,"{""type"":""MultiPoint"",""coordinates"":[]}"
2010_04_07,15494.0,2010-04-07,"{""type"":""MultiPoint"",""coordinates"":[]}"
2010_04_15,15506.0,2010-04-15,"{""type"":""MultiPoint"",""coordinates"":[]}"
2010_04_23,15518.0,2010-04-23,"{""type"":""MultiPoint"",""coordinates"":[]}"
2010_05_01,15530.0,2010-05-01,"{""type"":""MultiPoint"",""coordinates"":[]}"
2010_05_09,15542.0,2010-05-09,"{""type"":""MultiPoint"",""coordinates"":[]}"
2010_05_17,15554.0,2010-05-17,"{""type"":""MultiPoint"",""coordinates"":[]}"
2010_05_25,15566.0,2010-05-25,"{""type"":""MultiPoint"",""coordinates"":[]}"
2010_06_02,15578.0,2010-06-02,"{""type"":""MultiPoint"",""coordinates"":[]}"
2010_06_10,15590.0,2010-06-10,"{""type"":""MultiPoint"",""coordinates"":[]}"
2010_06_18,15602.0,2010-06-18,"{""type"":""MultiPoint"",""coordinates"":[]}"
2010_06_26,15614.0,2010-06-26,"{""type"":""MultiPoint"",""coordinates"":[]}"
2010_07_04,15626.0,2010-07-04,"{""type"":""MultiPoint"",""coordinates"":[]}"
2010_07_12,15638.0,2010-07-12,"{""type"":""MultiPoint"",""coordinates"":[]}"
2010_07_20,15650.0,2010-07-20,"{""type"":""MultiPoint"",""coordinates"":[]}"
2010_07_28,15662.0,2010-07-28,"{""type"":""MultiPoint"",""coordinates"":[]}"
2010_08_05,15674.0,2010-08-05,"{""type"":""MultiPoint"",""coordinates"":[]}"
2010_08_13,15686.0,2010-08-13,"{""type"":""MultiPoint"",""coordinates"":[]}"
2010_08_21,15698.0,2010-08-21,"{""type"":""MultiPoint"",""coordinates"":[]}"
2010_08_29,15710.0,2010-08-29,"{""type"":""MultiPoint"",""coordinates"":[]}"
2010_09_06,15722.0,2010-09-06,"{""type"":""MultiPoint"",""coordinates"":[]}"
2010_09_14,15734.0,2010-09-14,"{""type"":""MultiPoint"",""coordinates"":[]}"
2010_09_22,15746.0,2010-09-22,"{""type"":""MultiPoint"",""coordinates"":[]}"
2010_09_30,15758.0,2010-09-30,"{""type"":""MultiPoint"",""coordinates"":[]}"
2010_10_08,15770.0,2010-10-08,"{""type"":""MultiPoint"",""coordinates"":[]}"
2010_10_16,15782.0,2010-10-16,"{""type"":""MultiPoint"",""coordinates"":[]}"
2010_10_24,15794.0,2010-10-24,"{""type"":""MultiPoint"",""coordinates"":[]}"
2010_11_01,15806.0,2010-11-01,"{""type"":""MultiPoint"",""coordinates"":[]}"
2010_11_09,15818.0,2010-11-09,"{""type"":""MultiPoint"",""coordinates"":[]}"
2010_11_17,15830.0,2010-11-17,"{""type"":""MultiPoint"",""coordinates"":[]}"
2010_11_25,15842.0,2010-11-25,"{""type"":""MultiPoint"",""coordinates"":[]}"
2010_12_03,15854.0,2010-12-03,"{""type"":""MultiPoint"",""coordinates"":[]}"
2010_12_11,15866.0,2010-12-11,"{""type"":""MultiPoint"",""coordinates"":[]}"
2010_12_19,15878.0,2010-12-19,"{""type"":""MultiPoint"",""coordinates"":[]}"
2010_12_27,15890.0,2010-12-27,"{""type"":""MultiPoint"",""coordinates"":[]}"
2011_01_01,15350.0,2011-01-01,"{""type"":""MultiPoint"",""coordinates"":[]}"
2011_01_09,15362.0,2011-01-09,"{""type"":""MultiPoint"",""coordinates"":[]}"
2011_01_17,15374.0,2011-01-17,"{""type"":""MultiPoint"",""coordinates"":[]}"
2011_01_25,15386.0,2011-01-25,"{""type"":""MultiPoint"",""coordinates"":[]}"
2011_02_02,15398.0,2011-02-02,"{""type"":""MultiPoint"",""coordinates"":[]}"
2011_02_10,15410.0,2011-02-10,"{""type"":""MultiPoint"",""coordinates"":[]}"
2011_02_18,15422.0,2011-02-18,"{""type"":""MultiPoint"",""coordinates"":[]}"
2011_02_26,15434.0,2011-02-26,"{""type"":""MultiPoint"",""coordinates"":[]}"
2011_03_06,15446.0,2011-03-06,"{""type"":""MultiPoint"",""coordinates"":[]}"
2011_03_14,15458.0,2011-03-14,"{""type"":""MultiPoint"",""coordinates"":[]}"
2011_03_22,15470.0,2011-03-22,"{""type"":""MultiPoint"",""coordinates"":[]}"
2011_03_30,15482.0,2011-03-30,"{""type"":""MultiPoint"",""coordinates"":[]}"
2011_04_07,15494.0,2011-04-07,"{""type"":""MultiPoint"",""coordinates"":[]}"
2011_04_15,15506.0,2011-04-15,"{""type"":""MultiPoint"",""coordinates"":[]}"
2011_04_23,15518.0,2011-04-23,"{""type"":""MultiPoint"",""coordinates"":[]}"
2011_05_01,15530.0,2011-05-01,"{""type"":""MultiPoint"",""coordinates"":[]}"
2011_05_09,15542.0,2011-05-09,"{""type"":""MultiPoint"",""coordinates"":[]}"
2011_05_17,15554.0,2011-05-17,"{""type"":""MultiPoint"",""coordinates"":[]}"
2011_05_25,15566.0,2011-05-25,"{""type"":""MultiPoint"",""coordinates"":[]}"
2011_06_02,15578.0,2011-06-02,"{""type"":""MultiPoint"",""coordinates"":[]}"
2011_06_10,15590.0,2011-06-10,"{""type"":""MultiPoint"",""coordinates"":[]}"
2011_06_18,15602.0,2011-06-18,"{""type"":""MultiPoint"",""coordinates"":[]}"
2011_06_26,15614.0,2011-06-26,"{""type"":""MultiPoint"",""coordinates"":[]}"
2011_07_04,15626.0,2011-07-04,"{""type"":""MultiPoint"",""coordinates"":[]}"
2011_07_12,15638.0,2011-07-12,"{""type"":""MultiPoint"",""coordinates"":[]}"
2011_07_20,15650.0,2011-07-20,"{""type"":""MultiPoint"",""coordinates"":[]}"
2011_07_28,15662.0,2011-07-28,"{""type"":""MultiPoint"",""coordinates"":[]}"
2011_08_05,15674.0,2011-08-05,"{""type"":""MultiPoint"",""coordinates"":[]}"
2011_08_13,15686.0,2011-08-13,"{""type"":""MultiPoint"",""coordinates"":[]}"
2011_08_21,15698.0,2011-08-21,"{""type"":""MultiPoint"",""coordinates"":[]}"
2011_08_29,15710.0,2011-08-29,"{""type"":""MultiPoint"",""coordinates"":[]}"
2011_09_06,15722.0,2011-09-06,"{""type"":""MultiPoint"",""coordinates"":[]}"
2011_09_14,15734.0,2011-09-14,"{""type"":""MultiPoint"",""coordinates"":[]}"
2011_09_22,15746.0,2011-09-22,"{""type"":""MultiPoint"",""coordinates"":[]}"
2011_09_30,15758.0,2011-09-30,"{""type"":""MultiPoint"",""coordinates"":[]}"
2011_10_08,15770.0,2011-10-08,"{""type"":""MultiPoint"",""coordinates"":[]}"
2011_10_16,15782.0,2011-10-16,"{""type"":""MultiPoint"",""coordinates"":[]}"
2011_10_24,15794.0,2011-10-24,"{""type"":""MultiPoint"",""coordinates"":[]}"
2011_11_01,15806.0,2011-11-01,"{""type"":""MultiPoint"",""coordinates"":[]}"
2011_11_09,15818.0,2011-11-09,"{""type"":""MultiPoint"",""coordinates"":[]}"
2011_11_17,15830.0,2011-11-17,"{""type"":""MultiPoint"",""coordinates"":[]}"
2011_11_25,15842.0,2011-11-25,"{""type"":""MultiPoint"",""coordinates"":[]}"
2011_12_03,15854.0,2011-12-03,"{""type"":""MultiPoint"",""coordinates"":[]}"
2011_12_11,15866.0,2011-12-11,"{""type"":""MultiPoint"",""coordinates"":[]}"
2011_12_19,15878.0,2011-12-19,"{""type"":""MultiPoint"",""coordinates"":[]}"
2011_12_27,15890.0,2011-12-27,"{""type"":""MultiPoint"",""coordinates"":[]}"
2012_01_01,15350.0,2012-01-01,"{""type"":""MultiPoint"",""coordinates"":[]}"
2012_01_09,15362.0,2012-01-09,"{""type"":""MultiPoint"",""coordinates"":[]}"
2012_01_17,15374.0,2012-01-17,"{""type"":""MultiPoint"",""coordinates"":[]}"
2012_01_25,15386.0,2012-01-25,"{""type"":""MultiPoint"",""coordinates"":[]}"
2012_02_02,15398.0,2012-02-02,"{""type"":""MultiPoint"",""coordinates"":[]}"
2012_02_10,15410.0,2012-02-10,"{""type"":""MultiPoint"",""coordinates"":[]}"
2012_02_18,15422.0,2012-02-18,"{""type"":""MultiPoint"",""coordinates"":[]}"
2012_02_26,15434.0,2012-02-26,"{""type"":""MultiPoint"",""coordinates"":[]}"
2012_03_05,15446.0,2012-03-05,"{""type"":""MultiPoint"",""coordinates"":[]}"
2012_03_13,15458.0,2012-03-13,"{""type"":""MultiPoint"",""coordinates"":[]}"
2012_03_21,15470.0,2012-03-21,"{""type"":""MultiPoint"",""coordinates"":[]}"
2012_03_29,15482.0,2012-03-29,"{""type"":""MultiPoint"",""coordinates"":[]}"
2012_04_06,15494.0,2012-04-06,"{""type"":""MultiPoint"",""coordinates"":[]}"
2012_04_14,15506.0,2012-04-14,"{""type"":""MultiPoint"",""coordinates"":[]}"
2012_04_22,15518.0,2012-04-22,"{""type"":""MultiPoint"",""coordinates"":[]}"
2012_04_30,15530.0,2012-04-30,"{""type"":""MultiPoint"",""coordinates"":[]}"
2012_05_08,15542.0,2012-05-08,"{""type"":""MultiPoint"",""coordinates"":[]}"
2012_05_16,15554.0,2012-05-16,"{""type"":""MultiPoint"",""coordinates"":[]}"
2012_05_24,15566.0,2012-05-24,"{""type"":""MultiPoint"",""coordinates"":[]}"
2012_06_01,15578.0,2012-06-01,"{""type"":""MultiPoint"",""coordinates"":[]}"
2012_06_09,15590.0,2012-06-09,"{""type"":""MultiPoint"",""coordinates"":[]}"
2012_06_17,15602.0,2012-06-17,"{""type"":""MultiPoint"",""coordinates"":[]}"
2012_06_25,15614.0,2012-06-25,"{""type"":""MultiPoint"",""coordinates"":[]}"
2012_07_03,15626.0,2012-07-03,"{""type"":""MultiPoint"",""coordinates"":[]}"
2012_07_11,15638.0,2012-07-11,"{""type"":""MultiPoint"",""coordinates"":[]}"
2012_07_19,15650.0,2012-07-19,"{""type"":""MultiPoint"",""coordinates"":[]}"
2012_07_27,15662.0,2012-07-27,"{""type"":""MultiPoint"",""coordinates"":[]}"
2012_08_04,15674.0,2012-08-04,"{""type"":""MultiPoint"",""coordinates"":[]}"
2012_08_12,15686.0,2012-08-12,"{""type"":""MultiPoint"",""coordinates"":[]}"
2012_08_20,15698.0,2012-08-20,"{""type"":""MultiPoint"",""coordinates"":[]}"
2012_08_28,15710.0,2012-08-28,"{""type"":""MultiPoint"",""coordinates"":[]}"
2012_09_05,15722.0,2012-09-05,"{""type"":""MultiPoint"",""coordinates"":[]}"
2012_09_13,15734.0,2012-09-13,"{""type"":""MultiPoint"",""coordinates"":[]}"
2012_09_21,15746.0,2012-09-21,"{""type"":""MultiPoint"",""coordinates"":[]}"
2012_09_29,15758.0,2012-09-29,"{""type"":""MultiPoint"",""coordinates"":[]}"
2012_10_07,15770.0,2012-10-07,"{""type"":""MultiPoint"",""coordinates"":[]}"
2012_10_15,15782.0,2012-10-15,"{""type"":""MultiPoint"",""coordinates"":[]}"
2012_10_23,15794.0,2012-10-23,"{""type"":""MultiPoint"",""coordinates"":[]}"
2012_10_31,15806.0,2012-10-31,"{""type"":""MultiPoint"",""coordinates"":[]}"
2012_11_08,15818.0,2012-11-08,"{""type"":""MultiPoint"",""coordinates"":[]}"
2012_11_16,15830.0,2012-11-16,"{""type"":""MultiPoint"",""coordinates"":[]}"
2012_11_24,15842.0,2012-11-24,"{""type"":""MultiPoint"",""coordinates"":[]}"
2012_12_02,15854.0,2012-12-02,"{""type"":""MultiPoint"",""coordinates"":[]}"
2012_12_10,15866.0,2012-12-10,"{""type"":""MultiPoint"",""coordinates"":[]}"
2012_12_18,15878.0,2012-12-18,"{""type"":""MultiPoint"",""coordinates"":[]}"
2012_12_26,15890.0,2012-12-26,"{""type"":""MultiPoint"",""coordinates"":[]}"
2013_01_01,15350.0,2013-01-01,"{""type"":""MultiPoint"",""coordinates"":[]}"
2013_01_09,15362.0,2013-01-09,"{""type"":""MultiPoint"",""coordinates"":[]}"
2013_01_17,15374.0,2013-01-17,"{""type"":""MultiPoint"",""coordinates"":[]}"
2013_01_25,15386.0,2013-01-25,"{""type"":""MultiPoint"",""coordinates"":[]}"
2013_02_02,15398.0,2013-02-02,"{""type"":""MultiPoint"",""coordinates"":[]}"
2013_02_10,15410.0,2013-02-10,"{""type"":""MultiPoint"",""coordinates"":[]}"
2013_02_18,15422.0,2013-02-18,"{""type"":""MultiPoint"",""coordinates"":[]}"
2013_02_26,15434.0,2013-02-26,"{""type"":""MultiPoint"",""coordinates"":[]}"
2013_03_06,15446.0,2013-03-06,"{""type"":""MultiPoint"",""coordinates"":[]}"
2013_03_14,15458.0,2013-03-14,"{""type"":""MultiPoint"",""coordinates"":[]}"
2013_03_22,15470.0,2013-03-22,"{""type"":""MultiPoint"",""coordinates"":[]}"
2013_03_30,15482.0,2013-03-30,"{""type"":""MultiPoint"",""coordinates"":[]}"
2013_04_07,15494.0,2013-04-07,"{""type"":""MultiPoint"",""coordinates"":[]}"
2013_04_15,15506.0,2013-04-15,"{""type"":""MultiPoint"",""coordinates"":[]}"
2013_04_23,15518.0,2013-04-23,"{""type"":""MultiPoint"",""coordinates"":[]}"
2013_05_01,15530.0,2013-05-01,"{""type"":""MultiPoint"",""coordinates"":[]}"
2013_05_09,15542.0,2013-05-09,"{""type"":""MultiPoint"",""coordinates"":[]}"
2013_05_17,15554.0,2013-05-17,"{""type"":""MultiPoint"",""coordinates"":[]}"
2013_05_25,15566.0,2013-05-25,"{""type"":""MultiPoint"",""coordinates"":[]}"
2013_06_02,15578.0,2013-06-02,"{""type"":""MultiPoint"",""coordinates"":[]}"
2013_06_10,15590.0,2013-06-10,"{""type"":""MultiPoint"",""coordinates"":[]}"
2013_06_18,15602.0,2013-06-18,"{""type"":""MultiPoint"",""coordinates"":[]}"
2013_06_26,15614.0,2013-06-26,"{""type"":""MultiPoint"",""coordinates"":[]}"
2013_07_04,15626.0,2013-07-04,"{""type"":""MultiPoint"",""coordinates"":[]}"
2013_07_12,15638.0,2013-07-12,"{""type"":""MultiPoint"",""coordinates"":[]}"
2013_07_20,15650.0,2013-07-20,"{""type"":""MultiPoint"",""coordinates"":[]}"
2013_07_28,15662.0,2013-07-28,"{""type"":""MultiPoint"",""coordinates"":[]}"
2013_08_05,15674.0,2013-08-05,"{""type"":""MultiPoint"",""coordinates"":[]}"
2013_08_13,15686.0,2013-08-13,"{""type"":""MultiPoint"",""coordinates"":[]}"
2013_08_21,15698.0,2013-08-21,"{""type"":""MultiPoint"",""coordinates"":[]}"
2013_08_29,15710.0,2013-08-29,"{""type"":""MultiPoint"",""coordinates"":[]}"
2013_09_06,15722.0,2013-09-06,"{""type"":""MultiPoint"",""coordinates"":[]}"
2013_09_14,15734.0,2013-09-14,"{""type"":""MultiPoint"",""coordinates"":[]}"
2013_09_22,15746.0,2013-09-22,"{""type"":""MultiPoint"",""coordinates"":[]}"
2013_09_30,15758.0,2013-09-30,"{""type"":""MultiPoint"",""coordinates"":[]}"
2013_10_08,15770.0,2013-10-08,"{""type"":""MultiPoint"",""coordinates"":[]}"
2013_10_16,15782.0,2013-10-16,"{""type"":""MultiPoint"",""coordinates"":[]}"
2013_10_24,15794.0,2013-10-24,"{""type"":""MultiPoint"",""coordinates"":[]}"
2013_11_01,15806.0,2013-11-01,"{""type"":""MultiPoint"",""coordinates"":[]}"
2013_11_09,15818.0,2013-11-09,"{""type"":""MultiPoint"",""coordinates"":[]}"
2013_11_17,15830.0,2013-11-17,"{""type"":""MultiPoint"",""coordinates"":[]}"
2013_11_25,15842.0,2013-11-25,"{""type"":""MultiPoint"",""coordinates"":[]}"
2013_12_03,15854.0,2013-12-03,"{""type"":""MultiPoint"",""coordinates"":[]}"
2013_12_11,15866.0,2013-12-11,"{""type"":""MultiPoint"",""coordinates"":[]}"
2013_12_19,15878.0,2013-12-19,"{""type"":""MultiPoint"",""coordinates"":[]}"
2013_12_27,15890.0,2013-12-27,"{""type"":""MultiPoint"",""coordinates"":[]}"
2014_01_01,15350.0,2014-01-01,"{""type"":""MultiPoint"",""coordinates"":[]}"
2014_01_09,15362.0,2014-01-09,"{""type"":""MultiPoint"",""coordinates"":[]}"
2014_01_17,15374.0,2014-01-17,"{""type"":""MultiPoint"",""coordinates"":[]}"
2014_01_25,15386.0,2014-01-25,"{""type"":""MultiPoint"",""coordinates"":[]}"
2014_02_02,15398.0,2014-02-02,"{""type"":""MultiPoint"",""coordinates"":[]}"
2014_02_10,15410.0,2014-02-10,"{""type"":""MultiPoint"",""coordinates"":[]}"
2014_02_18,15422.0,2014-02-18,"{""type"":""MultiPoint"",""coordinates"":[]}"
2014_02_26,15434.0,2014-02-26,"{""type"":""MultiPoint"",""coordinates"":[]}"
2014_03_06,15446.0,2014-03-06,"{""type"":""MultiPoint"",""coordinates"":[]}"
2014_03_14,15458.0,2014-03-14,"{""type"":""MultiPoint"",""coordinates"":[]}"
2014_03_22,15470.0,2014-03-22,"{""type"":""MultiPoint"",""coordinates"":[]}"
2014_03_30,15482.0,2014-03-30,"{""type"":""MultiPoint"",""coordinates"":[]}"
2014_04_07,15494.0,2014-04-07,"{""type"":""MultiPoint"",""coordinates"":[]}"
2014_04_15,15506.0,2014-04-15,"{""type"":""MultiPoint"",""coordinates"":[]}"
2014_04_23,15518.0,2014-04-23,"{""type"":""MultiPoint"",""coordinates"":[]}"
2014_05_01,15530.0,2014-05-01,"{""type"":""MultiPoint"",""coordinates"":[]}"
2014_05_09,15542.0,2014-05-09,"{""type"":""MultiPoint"",""coordinates"":[]}"
2014_05_17,15554.0,2014-05-17,"{""type"":""MultiPoint"",""coordinates"":[]}"
2014_05_25,15566.0,2014-05-25,"{""type"":""MultiPoint"",""coordinates"":[]}"
2014_06_02,15578.0,2014-06-02,"{""type"":""MultiPoint"",""coordinates"":[]}"
2014_06_10,15590.0,2014-06-10,"{""type"":""MultiPoint"",""coordinates"":[]}"
2014_06_18,15602.0,2014-06-18,"{""type"":""MultiPoint"",""coordinates"":[]}"
2014_06_26,15614.0,2014-06-26,"{""type"":""MultiPoint"",""coordinates"":[]}"
2014_07_04,15626.0,2014-07-04,"{""type"":""MultiPoint"",""coordinates"":[]}"
2014_07_12,15638.0,2014-07-12,"{""type"":""MultiPoint"",""coordinates"":[]}"
2014_07_20,15650.0,2014-07-20,"{""type"":""MultiPoint"",""coordinates"":[]}"
2014_07_28,15662.0,2014-07-28,"{""type"":""MultiPoint"",""coordinates"":[]}"
2014_08_05,15674.0,2014-08-05,"{""type"":""MultiPoint"",""coordinates"":[]}"
2014_08_13,15686.0,2014-08-13,"{""type"":""MultiPoint"",""coordinates"":[]}"
2014_08_21,15698.0,2014-08-21,"{""type"":""MultiPoint"",""coordinates"":[]}"
2014_08_29,15710.0,2014-08-29,"{""type"":""MultiPoint"",""coordinates"":[]}"
2014_09_06,15722.0,2014-09-06,"{""type"":""MultiPoint"",""coordinates"":[]}"
2014_09_14,15734.0,2014-09-14,"{""type"":""MultiPoint"",""coordinates"":[]}"
2014_09_22,15746.0,2014-09-22,"{""type"":""MultiPoint"",""coordinates"":[]}"
2014_09_30,15758.0,2014-09-30,"{""type"":""MultiPoint"",""coordinates"":[]}"
2014_10_08,15770.0,2014-10-08,"{""type"":""MultiPoint"",""coordinates"":[]}"
2014_10_16,15782.0,2014-10-16,"{""type"":""MultiPoint"",""coordinates"":[]}"
2014_10_24,15794.0,2014-10-24,"{""type"":""MultiPoint"",""coordinates"":[]}"
2014_11_01,15806.0,2014-11-01,"{""type"":""MultiPoint"",""coordinates"":[]}"
2014_11_09,15818.0,2014-11-09,"{""type"":""MultiPoint"",""coordinates"":[]}"
2014_11_17,15830.0,2014-11-17,"{""type"":""MultiPoint"",""coordinates"":[]}"
2014_11_25,15842.0,2014-11-25,"{""type"":""MultiPoint"",""coordinates"":[]}"
2014_12_03,15854.0,2014-12-03,"{""type"":""MultiPoint"",""coordinates"":[]}"
2014_12_11,15866.0,2014-12-11,"{""type"":""MultiPoint"",""coordinates"":[]}"
2014_12_19,15878.0,2014-12-19,"{""type"":""MultiPoint"",""coordinates"":[]}"
2014_12_27,15890.0,2014-12-27,"{""type"":""MultiPoint"",""coordinates"":[]}"
2015_01_01,15350.0,2015-01-01,"{""type"":""MultiPoint"",""coordinates"":[]}"
2015_01_09,15362.0,2015-01-09,"{""type"":""MultiPoint"",""coordinates"":[]}"
2015_01_17,15374.0,2015-01-17,"{""type"":""MultiPoint"",""coordinates"":[]}"
2015_01_25,15386.0,2015-01-25,"{""type"":""MultiPoint"",""coordinates"":[]}"
2015_02_02,15398.0,2015-02-02,"{""type"":""MultiPoint"",""coordinates"":[]}"
2015_02_10,15410.0,2015-02-10,"{""type"":""MultiPoint"",""coordinates"":[]}"
2015_02_18,15422.0,2015-02-18,"{""type"":""MultiPoint"",""coordinates"":[]}"
2015_02_26,15434.0,2015-02-26,"{""type"":""MultiPoint"",""coordinates"":[]}"
2015_03_06,15446.0,2015-03-06,"{""type"":""MultiPoint"",""coordinates"":[]}"
2015_03_14,15458.0,2015-03-14,"{""type"":""MultiPoint"",""coordinates"":[]}"
2015_03_22,15470.0,2015-03-22,"{""type"":""MultiPoint"",""coordinates"":[]}"
2015_03_30,15482.0,2015-03-30,"{""type"":""MultiPoint"",""coordinates"":[]}"
2015_04_07,15494.0,2015-04-07,"{""type"":""MultiPoint"",""coordinates"":[]}"
2015_04_15,15506.0,2015-04-15,"{""type"":""MultiPoint"",""coordinates"":[]}"
2015_04_23,15518.0,2015-04-23,"{""type"":""MultiPoint"",""coordinates"":[]}"
2015_05_01,15530.0,2015-05-01,"{""type"":""MultiPoint"",""coordinates"":[]}"
2015_05_09,15542.0,2015-05-09,"{""type"":""MultiPoint"",""coordinates"":[]}"
2015_05_17,15554.0,2015-05-17,"{""type"":""MultiPoint"",""coordinates"":[]}"
2015_05_25,15566.0,2015-05-25,"{""type"":""MultiPoint"",""coordinates"":[]}"
2015_06_02,15578.0,2015-06-02,"{""type"":""MultiPoint"",""coordinates"":[]}"
2015_06_10,15590.0,2015-06-10,"{""type"":""MultiPoint"",""coordinates"":[]}"
2015_06_18,15602.0,2015-06-18,"{""type"":""MultiPoint"",""coordinates"":[]}"
2015_06_26,15614.0,2015-06-26,"{""type"":""MultiPoint"",""coordinates"":[]}"
2015_07_04,15626.0,2015-07-04,"{""type"":""MultiPoint"",""coordinates"":[]}"
2015_07_12,15638.0,2015-07-12,"{""type"":""MultiPoint"",""coordinates"":[]}"
2015_07_20,15650.0,2015-07-20,"{""type"":""MultiPoint"",""coordinates"":[]}"
2015_07_28,15662.0,2015-07-28,"{""type"":""MultiPoint"",""coordinates"":[]}"
2015_08_05,15674.0,2015-08-05,"{""type"":""MultiPoint"",""coordinates"":[]}"
2015_08_13,15686.0,2015-08-13,"{""type"":""MultiPoint"",""coordinates"":[]}"
2015_08_21,15698.0,2015-08-21,"{""type"":""MultiPoint"",""coordinates"":[]}"
2015_08_29,15710.0,2015-08-29,"{""type"":""MultiPoint"",""coordinates"":[]}"
2015_09_06,15722.0,2015-09-06,"{""type"":""MultiPoint"",""coordinates"":[]}"
2015_09_14,15734.0,2015-09-14,"{""type"":""MultiPoint"",""coordinates"":[]}"
2015_09_22,15746.0,2015-09-22,"{""type"":""MultiPoint"",""coordinates"":[]}"
2015_09_30,15758.0,2015-09-30,"{""type"":""MultiPoint"",""coordinates"":[]}"
2015_10_08,15770.0,2015-10-08,"{""type"":""MultiPoint"",""coordinates"":[]}"
2015_10_16,15782.0,2015-10-16,"{""type"":""MultiPoint"",""coordinates"":[]}"
2015_10_24,15794.0,2015-10-24,"{""type"":""MultiPoint"",""coordinates"":[]}"
2015_11_01,15806.0,2015-11-01,"{""type"":""MultiPoint"",""coordinates"":[]}"
2015_11_09,15818.0,2015-11-09,"{""type"":""MultiPoint"",""coordinates"":[]}"
2015_11_17,15830.0,2015-11-17,"{""type"":""MultiPoint"",""coordinates"":[]}"
2015_11_25,15842.0,2015-11-25,"{""type"":""MultiPoint"",""coordinates"":[]}"
2015_12_03,15854.0,2015-12-03,"{""type"":""MultiPoint"",""coordinates"":[]}"
2015_12_11,15866.0,2015-12-11,"{""type"":""MultiPoint"",""coordinates"":[]}"
2015_12_19,15878.0,2015-12-19,"{""type"":""MultiPoint"",""coordinates"":[]}"
2015_12_27,15890.0,2015-12-27,"{""type"":""MultiPoint"",""coordinates"":[]}"
2016_01_01,15350.0,2016-01-01,"{""type"":""MultiPoint"",""coordinates"":[]}"
2016_01_09,15362.0,2016-01-09,"{""type"":""MultiPoint"",""coordinates"":[]}"
2016_01_17,15374.0,2016-01-17,"{""type"":""MultiPoint"",""coordinates"":[]}"
2016_01_25,15386.0,2016-01-25,"{""type"":""MultiPoint"",""coordinates"":[]}"
2016_02_02,15398.0,2016-02-02,"{""type"":""MultiPoint"",""coordinates"":[]}"
2016_02_10,15410.0,2016-02-10,"{""type"":""MultiPoint"",""coordinates"":[]}"
2016_02_18,15422.0,2016-02-18,"{""type"":""MultiPoint"",""coordinates"":[]}"
2016_02_26,15434.0,2016-02-26,"{""type"":""MultiPoint"",""coordinates"":[]}"
2016_03_05,15446.0,2016-03-05,"{""type"":""MultiPoint"",""coordinates"":[]}"
2016_03_13,15458.0,2016-03-13,"{""type"":""MultiPoint"",""coordinates"":[]}"
2016_03_21,15470.0,2016-03-21,"{""type"":""MultiPoint"",""coordinates"":[]}"
2016_03_29,15482.0,2016-03-29,"{""type"":""MultiPoint"",""coordinates"":[]}"
2016_04_06,15494.0,2016-04-06,"{""type"":""MultiPoint"",""coordinates"":[]}"
2016_04_14,15506.0,2016-04-14,"{""type"":""MultiPoint"",""coordinates"":[]}"
2016_04_22,15518.0,2016-04-22,"{""type"":""MultiPoint"",""coordinates"":[]}"
2016_04_30,15530.0,2016-04-30,"{""type"":""MultiPoint"",""coordinates"":[]}"
2016_05_08,15542.0,2016-05-08,"{""type"":""MultiPoint"",""coordinates"":[]}"
2016_05_16,15554.0,2016-05-16,"{""type"":""MultiPoint"",""coordinates"":[]}"
2016_05_24,15566.0,2016-05-24,"{""type"":""MultiPoint"",""coordinates"":[]}"
2016_06_01,15578.0,2016-06-01,"{""type"":""MultiPoint"",""coordinates"":[]}"
2016_06_09,15590.0,2016-06-09,"{""type"":""MultiPoint"",""coordinates"":[]}"
2016_06_17,15602.0,2016-06-17,"{""type"":""MultiPoint"",""coordinates"":[]}"
2016_06_25,15614.0,2016-06-25,"{""type"":""MultiPoint"",""coordinates"":[]}"
2016_07_03,15626.0,2016-07-03,"{""type"":""MultiPoint"",""coordinates"":[]}"
2016_07_11,15638.0,2016-07-11,"{""type"":""MultiPoint"",""coordinates"":[]}"
2016_07_19,15650.0,2016-07-19,"{""type"":""MultiPoint"",""coordinates"":[]}"
2016_07_27,15662.0,2016-07-27,"{""type"":""MultiPoint"",""coordinates"":[]}"
2016_08_04,15674.0,2016-08-04,"{""type"":""MultiPoint"",""coordinates"":[]}"
2016_08_12,15686.0,2016-08-12,"{""type"":""MultiPoint"",""coordinates"":[]}"
2016_08_20,15698.0,2016-08-20,"{""type"":""MultiPoint"",""coordinates"":[]}"
2016_08_28,15710.0,2016-08-28,"{""type"":""MultiPoint"",""coordinates"":[]}"
2016_09_05,15722.0,2016-09-05,"{""type"":""MultiPoint"",""coordinates"":[]}"
2016_09_13,15734.0,2016-09-13,"{""type"":""MultiPoint"",""coordinates"":[]}"
2016_09_21,15746.0,2016-09-21,"{""type"":""MultiPoint"",""coordinates"":[]}"
2016_09_29,15758.0,2016-09-29,"{""type"":""MultiPoint"",""coordinates"":[]}"
2016_10_07,15770.0,2016-10-07,"{""type"":""MultiPoint"",""coordinates"":[]}"
2016_10_15,15782.0,2016-10-15,"{""type"":""MultiPoint"",""coordinates"":[]}"
2016_10_23,15794.0,2016-10-23,"{""type"":""MultiPoint"",""coordinates"":[]}"
2016_10_31,15806.0,2016-10-31,"{""type"":""MultiPoint"",""coordinates"":[]}"
2016_11_08,15818.0,2016-11-08,"{""type"":""MultiPoint"",""coordinates"":[]}"
2016_11_16,15830.0,2016-11-16,"{""type"":""MultiPoint"",""coordinates"":[]}"
2016_11_24,15842.0,2016-11-24,"{""type"":""MultiPoint"",""coordinates"":[]}"
2016_12_02,15854.0,2016-12-02,"{""type"":""MultiPoint"",""coordinates"":[]}"
2016_12_10,15866.0,2016-12-10,"{""type"":""MultiPoint"",""coordinates"":[]}"
2016_12_18,15878.0,2016-12-18,"{""type"":""MultiPoint"",""coordinates"":[]}"
2016_12_26,15890.0,2016-12-26,"{""type"":""MultiPoint"",""coordinates"":[]}"
2017_01_01,15350.0,2017-01-01,"{""type"":""MultiPoint"",""coordinates"":[]}"
2017_01_09,15362.0,2017-01-09,"{""type"":""MultiPoint"",""coordinates"":[]}"
2017_01_17,15374.0,2017-01-17,"{""type"":""MultiPoint"",""coordinates"":[]}"
2017_01_25,15386.0,2017-01-25,"{""type"":""MultiPoint"",""coordinates"":[]}"
2017_02_02,15398.0,2017-02-02,"{""type"":""MultiPoint"",""coordinates"":[]}"
2017_02_10,15410.0,2017-02-10,"{""type"":""MultiPoint"",""coordinates"":[]}"
2017_02_18,15422.0,2017-02-18,"{""type"":""MultiPoint"",""coordinates"":[]}"
2017_02_26,15434.0,2017-02-26,"{""type"":""MultiPoint"",""coordinates"":[]}"
2017_03_06,15446.0,2017-03-06,"{""type"":""MultiPoint"",""coordinates"":[]}"
2017_03_14,15458.0,2017-03-14,"{""type"":""MultiPoint"",""coordinates"":[]}"
2017_03_22,15470.0,2017-03-22,"{""type"":""MultiPoint"",""coordinates"":[]}"
2017_03_30,15482.0,2017-03-30,"{""type"":""MultiPoint"",""coordinates"":[]}"
2017_04_07,15494.0,2017-04-07,"{""type"":""MultiPoint"",""coordinates"":[]}"
2017_04_15,15506.0,2017-04-15,"{""type"":""MultiPoint"",""coordinates"":[]}"
2017_04_23,15518.0,2017-04-23,"{""type"":""MultiPoint"",""coordinates"":[]}"
2017_05_01,15530.0,2017-05-01,"{""type"":""MultiPoint"",""coordinates"":[]}"
2017_05_09,15542.0,2017-05-09,"{""type"":""MultiPoint"",""coordinates"":[]}"
2017_05_17,15554.0,2017-05-17,"{""type"":""MultiPoint"",""coordinates"":[]}"
2017_05_25,15566.0,2017-05-25,"{""type"":""MultiPoint"",""coordinates"":[]}"
2017_06_02,15578.0,2017-06-02,"{""type"":""MultiPoint"",""coordinates"":[]}"
2017_06_10,15590.0,2017-06-10,"{""type"":""MultiPoint"",""coordinates"":[]}"
2017_06_18,15602.0,2017-06-18,"{""type"":""MultiPoint"",""coordinates"":[]}"
2017_06_26,15614.0,2017-06-26,"{""type"":""MultiPoint"",""coordinates"":[]}"
2017_07_04,15626.0,2017-07-04,"{""type"":""MultiPoint"",""coordinates"":[]}"
2017_07_12,15638.0,2017-07-12,"{""type"":""MultiPoint"",""coordinates"":[]}"
2017_07_20,15650.0,2017-07-20,"{""type"":""MultiPoint"",""coordinates"":[]}"
2017_07_28,15662.0,2017-07-28,"{""type"":""MultiPoint"",""coordinates"":[]}"
2017_08_05,15674.0,2017-08-05,"{""type"":""MultiPoint"",""coordinates"":[]}"
2017_08_13,15686.0,2017-08-13,"{""type"":""MultiPoint"",""coordinates"":[]}"
2017_08_21,15698.0,2017-08-21,"{""type"":""MultiPoint"",""coordinates"":[]}"
2017_08_29,15710.0,2017-08-29,"{""type"":""MultiPoint"",""coordinates"":[]}"
2017_09_06,15722.0,2017-09-06,"{""type"":""MultiPoint"",""coordinates"":[]}"
2017_09_14,15734.0,2017-09-14,"{""type"":""MultiPoint"",""coordinates"":[]}"
2017_09_22,15746.0,2017-09-22,"{""type"":""MultiPoint"",""coordinates"":[]}"
2017_09_30,15758.0,2017-09-30,"{""type"":""MultiPoint"",""coordinates"":[]}"
2017_10_08,15770.0,2017-10-08,"{""type"":""MultiPoint"",""coordinates"":[]}"
2017_10_16,15782.0,2017-10-16,"{""type"":""MultiPoint"",""coordinates"":[]}"
2017_10_24,15794.0,2017-10-24,"{""type"":""MultiPoint"",""coordinates"":[]}"
2017_11_01,15806.0,2017-11-01,"{""type"":""MultiPoint"",""coordinates"":[]}"
2017_11_09,15818.0,2017-11-09,"{""type"":""MultiPoint"",""coordinates"":[]}"
2017_11_17,15830.0,2017-11-17,"{""type"":""MultiPoint"",""coordinates"":[]}"
2017_11_25,15842.0,2017-11-25,"{""type"":""MultiPoint"",""coordinates"":[]}"
2017_12_03,15854.0,2017-12-03,"{""type"":""MultiPoint"",""coordinates"":[]}"
2017_12_11,15866.0,2017-12-11,"{""type"":""MultiPoint"",""coordinates"":[]}"
2017_12_19,15878.0,2017-12-19,"{""type"":""MultiPoint"",""coordinates"":[]}"
2017_12_27,15890.0,2017-12-27,"{""type"":""MultiPoint"",""coordinates"":[]}"
2018_01_01,15350.0,2018-01-01,"{""type"":""MultiPoint"",""coordinates"":[]}"
2018_01_09,15362.0,2018-01-09,"{""type"":""MultiPoint"",""coordinates"":[]}"
2018_01_17,15374.0,2018-01-17,"{""type"":""MultiPoint"",""coordinates"":[]}"
2018_01_25,15386.0,2018-01-25,"{""type"":""MultiPoint"",""coordinates"":[]}"
2018_02_02,15398.0,2018-02-02,"{""type"":""MultiPoint"",""coordinates"":[]}"
2018_02_10,15410.0,2018-02-10,"{""type"":""MultiPoint"",""coordinates"":[]}"
2018_02_18,15422.0,2018-02-18,"{""type"":""MultiPoint"",""coordinates"":[]}"
2018_02_26,15434.0,2018-02-26,"{""type"":""MultiPoint"",""coordinates"":[]}"
2018_03_06,15446.0,2018-03-06,"{""type"":""MultiPoint"",""coordinates"":[]}"
2018_03_14,15458.0,2018-03-14,"{""type"":""MultiPoint"",""coordinates"":[]}"
2018_03_22,15470.0,2018-03-22,"{""type"":""MultiPoint"",""coordinates"":[]}"
2018_03_30,15482.0,2018-03-30,"{""type"":""MultiPoint"",""coordinates"":[]}"
2018_04_07,15494.0,2018-04-07,"{""type"":""MultiPoint"",""coordinates"":[]}"
2018_04_15,15506.0,2018-04-15,"{""type"":""MultiPoint"",""coordinates"":[]}"
2018_04_23,15518.0,2018-04-23,"{""type"":""MultiPoint"",""coordinates"":[]}"
2018_05_01,15530.0,2018-05-01,"{""type"":""MultiPoint"",""coordinates"":[]}"
2018_05_09,15542.0,2018-05-09,"{""type"":""MultiPoint"",""coordinates"":[]}"
2018_05_17,15554.0,2018-05-17,"{""type"":""MultiPoint"",""coordinates"":[]}"
2018_05_25,15566.0,2018-05-25,"{""type"":""MultiPoint"",""coordinates"":[]}"
2018_06_02,15578.0,2018-06-02,"{""type"":""MultiPoint"",""coordinates"":[]}"
2018_06_10,15590.0,2018-06-10,"{""type"":""MultiPoint"",""coordinates"":[]}"
2018_06_18,15602.0,2018-06-18,"{""type"":""MultiPoint"",""coordinates"":[]}"
2018_06_26,15614.0,2018-06-26,"{""type"":""MultiPoint"",""coordinates"":[]}"
2018_07_04,15626.0,2018-07-04,"{""type"":""MultiPoint"",""coordinates"":[]}"
2018_07_12,15638.0,2018-07-12,"{""type"":""MultiPoint"",""coordinates"":[]}"
2018_07_20,15650.0,2018-07-20,"{""type"":""MultiPoint"",""coordinates"":[]}"
2018_07_28,15662.0,2018-07-28,"{""type"":""MultiPoint"",""coordinates"":[]}"
2018_08_05,15674.0,2018-08-05,"{""type"":""MultiPoint"",""coordinates"":[]}"
2018_08_13,15686.0,2018-08-13,"{""type"":""MultiPoint"",""coordinates"":[]}"
2018_08_21,15698.0,2018-08-21,"{""type"":""MultiPoint"",""coordinates"":[]}"
2018_08_29,15710.0,2018-08-29,"{""type"":""MultiPoint"",""coordinates"":[]}"
2018_09_06,15722.0,2018-09-06,"{""type"":""MultiPoint"",""coordinates"":[]}"
2018_09_14,15734.0,2018-09-14,"{""type"":""MultiPoint"",""coordinates"":[]}"
2018_09_22,15746.0,2018-09-22,"{""type"":""MultiPoint"",""coordinates"":[]}"
2018_09_30,15758.0,2018-09-30,"{""type"":""MultiPoint"",""coordinates"":[]}"
2018_10_08,15770.0,2018-10-08,"{""type"":""MultiPoint"",""coordinates"":[]}"
2018_10_16,15782.0,2018-10-16,"{""type"":""MultiPoint"",""coordinates"":[]}"
2018_10_24,15794.0,2018-10-24,"{""type"":""MultiPoint"",""coordinates"":[]}"
2018_11_01,15806.0,2018-11-01,"{""type"":""MultiPoint"",""coordinates"":[]}"
2018_11_09,15818.0,2018-11-09,"{""type"":""MultiPoint"",""coordinates"":[]}"
2018_11_17,15830.0,2018-11-17,"{""type"":""MultiPoint"",""coordinates"":[]}"
2018_11_25,15842.0,2018-11-25,"{""type"":""MultiPoint"",""coordinates"":[]}"
2018_12_03,15854.0,2018-12-03,"{""type"":""MultiPoint"",""coordinates"":[]}"
2018_12_11,15866.0,2018-12-11,"{""type"":""MultiPoint"",""coordinates"":[]}"
2018_12_19,15878.0,2018-12-19,"{""type"":""MultiPoint"",""coordinates"":[]}"
2018_12_27,15890.0,2018-12-27,"{""type"":""MultiPoint"",""coordinates"":[]}"
2019_01_01,15350.0,2019-01-01,"{""type"":""MultiPoint"",""coordinates"":[]}"
2019_01_09,15362.0,2019-01-09,"{""type"":""MultiPoint"",""coordinates"":[]}"
2019_01_17,15374.0,2019-01-17,"{""type"":""MultiPoint"",""coordinates"":[]}"
2019_01_25,15386.0,2019-01-25,"{""type"":""MultiPoint"",""coordinates"":[]}"
2019_02_02,15398.0,2019-02-02,"{""type"":""MultiPoint"",""coordinates"":[]}"
2019_02_10,15410.0,2019-02-10,"{""type"":""MultiPoint"",""coordinates"":[]}"
2019_02_18,15422.0,2019-02-18,"{""type"":""MultiPoint"",""coordinates"":[]}"
2019_02_26,15434.0,2019-02-26,"{""type"":""MultiPoint"",""coordinates"":[]}"
2019_03_06,15446.0,2019-03-06,"{""type"":""MultiPoint"",""coordinates"":[]}"
2019_03_14,15458.0,2019-03-14,"{""type"":""MultiPoint"",""coordinates"":[]}"
2019_03_22,15470.0,2019-03-22,"{""type"":""MultiPoint"",""coordinates"":[]}"
2019_03_30,15482.0,2019-03-30,"{""type"":""MultiPoint"",""coordinates"":[]}"
2019_04_07,15494.0,2019-04-07,"{""type"":""MultiPoint"",""coordinates"":[]}"
2019_04_15,15506.0,2019-04-15,"{""type"":""MultiPoint"",""coordinates"":[]}"
2019_04_23,15518.0,2019-04-23,"{""type"":""MultiPoint"",""coordinates"":[]}"
2019_05_01,15530.0,2019-05-01,"{""type"":""MultiPoint"",""coordinates"":[]}"
2019_05_09,15542.0,2019-05-09,"{""type"":""MultiPoint"",""coordinates"":[]}"
2019_05_17,15554.0,2019-05-17,"{""type"":""MultiPoint"",""coordinates"":[]}"
2019_05_25,15566.0,2019-05-25,"{""type"":""MultiPoint"",""coordinates"":[]}"
2019_06_02,15578.0,2019-06-02,"{""type"":""MultiPoint"",""coordinates"":[]}"
2019_06_10,15590.0,2019-06-10,"{""type"":""MultiPoint"",""coordinates"":[]}"
2019_06_18,15602.0,2019-06-18,"{""type"":""MultiPoint"",""coordinates"":[]}"
2019_06_26,15614.0,2019-06-26,"{""type"":""MultiPoint"",""coordinates"":[]}"
2019_07_04,15626.0,2019-07-04,"{""type"":""MultiPoint"",""coordinates"":[]}"
2019_07_12,15638.0,2019-07-12,"{""type"":""MultiPoint"",""coordinates"":[]}"
2019_07_20,15650.0,2019-07-20,"{""type"":""MultiPoint"",""coordinates"":[]}"
2019_07_28,15662.0,2019-07-28,"{""type"":""MultiPoint"",""coordinates"":[]}"
2019_08_05,15674.0,2019-08-05,"{""type"":""MultiPoint"",""coordinates"":[]}"
2019_08_13,15686.0,2019-08-13,"{""type"":""MultiPoint"",""coordinates"":[]}"
2019_08_21,15698.0,2019-08-21,"{""type"":""MultiPoint"",""coordinates"":[]}"
2019_08_29,15710.0,2019-08-29,"{""type"":""MultiPoint"",""coordinates"":[]}"
2019_09_06,15722.0,2019-09-06,"{""type"":""MultiPoint"",""coordinates"":[]}"
2019_09_14,15734.0,2019-09-14,"{""type"":""MultiPoint"",""coordinates"":[]}"
2019_09_22,15746.0,2019-09-22,"{""type"":""MultiPoint"",""coordinates"":[]}"
2019_09_30,15758.0,2019-09-30,"{""type"":""MultiPoint"",""coordinates"":[]}"
2019_10_08,15770.0,2019-10-08,"{""type"":""MultiPoint"",""coordinates"":[]}"
2019_10_16,15782.0,2019-10-16,"{""type"":""MultiPoint"",""coordinates"":[]}"
2019_10_24,15794.0,2019-10-24,"{""type"":""MultiPoint"",""coordinates"":[]}"
2019_11_01,15806.0,2019-11-01,"{""type"":""MultiPoint"",""coordinates"":[]}"
2019_11_09,15818.0,2019-11-09,"{""type"":""MultiPoint"",""coordinates"":[]}"
2019_11_17,15830.0,2019-11-17,"{""type"":""MultiPoint"",""coordinates"":[]}"
2019_11_25,15842.0,2019-11-25,"{""type"":""MultiPoint"",""coordinates"":[]}"
2019_12_03,15854.0,2019-12-03,"{""type"":""MultiPoint"",""coordinates"":[]}"
2019_12_11,15866.0,2019-12-11,"{""type"":""MultiPoint"",""coordinates"":[]}"
2019_12_19,15878.0,2019-12-19,"{""type"":""MultiPoint"",""coordinates"":[]}"
2019_12_27,15890.0,2019-12-27,"{""type"":""MultiPoint"",""coordinates"":[]}"
2020_01_01,15350.0,2020-01-01,"{""type"":""MultiPoint"",""coordinates"":[]}"
2020_01_09,15362.0,2020-01-09,"{""type"":""MultiPoint"",""coordinates"":[]}"
2020_01_17,15374.0,2020-01-17,"{""type"":""MultiPoint"",""coordinates"":[]}"
2020_01_25,15386.0,2020-01-25,"{""type"":""MultiPoint"",""coordinates"":[]}"
2020_02_02,15398.0,2020-02-02,"{""type"":""MultiPoint"",""coordinates"":[]}"
2020_02_10,15410.0,2020-02-10,"{""type"":""MultiPoint"",""coordinates"":[]}"
2020_02_18,15422.0,2020-02-18,"{""type"":""MultiPoint"",""coordinates"":[]}"
2020_02_26,15434.0,2020-02-26,"{""type"":""MultiPoint"",""coordinates"":[]}"
2020_03_05,15446.0,2020-03-05,"{""type"":""MultiPoint"",""coordinates"":[]}"
2020_03_13,15458.0,2020-03-13,"{""type"":""MultiPoint"",""coordinates"":[]}"
2020_03_21,15470.0,2020-03-21,"{""type"":""MultiPoint"",""coordinates"":[]}"
2020_03_29,15482.0,2020-03-29,"{""type"":""MultiPoint"",""coordinates"":[]}"
2020_04_06,15494.0,2020-04-06,"{""type"":""MultiPoint"",""coordinates"":[]}"
2020_04_14,15506.0,2020-04-14,"{""type"":""MultiPoint"",""coordinates"":[]}"
2020_04_22,15518.0,2020-04-22,"{""type"":""MultiPoint"",""coordinates"":[]}"
2020_04_30,15530.0,2020-04-30,"{""type"":""MultiPoint"",""coordinates"":[]}"
2020_05_08,15542.0,2020-05-08,"{""type"":""MultiPoint"",""coordinates"":[]}"
2020_05_16,15554.0,2020-05-16,"{""type"":""MultiPoint"",""coordinates"":[]}"
2020_05_24,15566.0,2020-05-24,"{""type"":""MultiPoint"",""coordinates"":[]}"
2020_06_01,15578.0,2020-06-01,"{""type"":""MultiPoint"",""coordinates"":[]}"
2020_06_09,15590.0,2020-06-09,"{""type"":""MultiPoint"",""coordinates"":[]}"
2020_06_17,15602.0,2020-06-17,"{""type"":""MultiPoint"",""coordinates"":[]}"
2020_06_25,15614.0,2020-06-25,"{""type"":""MultiPoint"",""coordinates"":[]}"
2020_07_03,15626.0,2020-07-03,"{""type"":""MultiPoint"",""coordinates"":[]}"
2020_07_11,15638.0,2020-07-11,"{""type"":""MultiPoint"",""coordinates"":[]}"
2020_07_19,15650.0,2020-07-19,"{""type"":""MultiPoint"",""coordinates"":[]}"
2020_07_27,15662.0,2020-07-27,"{""type"":""MultiPoint"",""coordinates"":[]}"
2020_08_04,15674.0,2020-08-04,"{""type"":""MultiPoint"",""coordinates"":[]}"
2020_08_12,15686.0,2020-08-12,"{""type"":""MultiPoint"",""coordinates"":[]}"
2020_08_20,15698.0,2020-08-20,"{""type"":""MultiPoint"",""coordinates"":[]}"
2020_08_28,15710.0,2020-08-28,"{""type"":""MultiPoint"",""coordinates"":[]}"
2020_09_05,15722.0,2020-09-05,"{""type"":""MultiPoint"",""coordinates"":[]}"
2020_09_13,15734.0,2020-09-13,"{""type"":""MultiPoint"",""coordinates"":[]}"
2020_09_21,15746.0,2020-09-21,"{""type"":""MultiPoint"",""coordinates"":[]}"
2020_09_29,15758.0,2020-09-29,"{""type"":""MultiPoint"",""coordinates"":[]}"
2020_10_07,15770.0,2020-10-07,"{""type"":""MultiPoint"",""coordinates"":[]}"
2020_10_15,15782.0,2020-10-15,"{""type"":""MultiPoint"",""coordinates"":[]}"
2020_10_23,15794.0,2020-10-23,"{""type"":""MultiPoint"",""coordinates"":[]}"
2020_10_31,15806.0,2020-10-31,"{""type"":""MultiPoint"",""coordinates"":[]}"
2020_11_08,15818.0,2020-11-08,"{""type"":""MultiPoint"",""coordinates"":[]}"
2020_11_16,15830.0,2020-11-16,"{""type"":""MultiPoint"",""coordinates"":[]}"
2020_11_24,15842.0,2020-11-24,"{""type"":""MultiPoint"",""coordinates"":[]}"
2020_12_02,15854.0,2020-12-02,"{""type"":""MultiPoint"",""coordinates"":[]}"
2020_12_10,15866.0,2020-12-10,"{""type"":""MultiPoint"",""coordinates"":[]}"
2020_12_18,15878.0,2020-12-18,"{""type"":""MultiPoint"",""coordinates"":[]}"
2020_12_26,15890.0,2020-12-26,"{""type"":""MultiPoint"",""coordinates"":[]}"
2021_01_01,15350.0,2021-01-01,"{""type"":""MultiPoint"",""coordinates"":[]}"
2021_01_09,15362.0,2021-01-09,"{""type"":""MultiPoint"",""coordinates"":[]}"
2021_01_17,15374.0,2021-01-17,"{""type"":""MultiPoint"",""coordinates"":[]}"
2021_01_25,15386.0,2021-01-25,"{""type"":""MultiPoint"",""coordinates"":[]}"
2021_02_02,15398.0,2021-02-02,"{""type"":""MultiPoint"",""coordinates"":[]}"
2021_02_10,15410.0,2021-02-10,"{""type"":""MultiPoint"",""coordinates"":[]}"
2021_02_18,15422.0,2021-02-18,"{""type"":""MultiPoint"",""coordinates"":[]}"
2021_02_26,15434.0,2021-02-26,"{""type"":""MultiPoint"",""coordinates"":[]}"
2021_03_06,15446.0,2021-03-06,"{""type"":""MultiPoint"",""coordinates"":[]}"
2021_03_14,15458.0,2021-03-14,"{""type"":""MultiPoint"",""coordinates"":[]}"
2021_03_22,15470.0,2021-03-22,"{""type"":""MultiPoint"",""coordinates"":[]}"
2021_03_30,15482.0,2021-03-30,"{""type"":""MultiPoint"",""coordinates"":[]}"
2021_04_07,15494.0,2021-04-07,"{""type"":""MultiPoint"",""coordinates"":[]}"
2021_04_15,15506.0,2021-04-15,"{""type"":""MultiPoint"",""coordinates"":[]}"
2021_04_23,15518.0,2021-04-23,"{""type"":""MultiPoint"",""coordinates"":[]}"
2021_05_01,15530.0,2021-05-01,"{""type"":""MultiPoint"",""coordinates"":[]}"
2021_05_09,15542.0,2021-05-09,"{""type"":""MultiPoint"",""coordinates"":[]}"
2021_05_17,15554.0,2021-05-17,"{""type"":""MultiPoint"",""coordinates"":[]}"
2021_05_25,15566.0,2021-05-25,"{""type"":""MultiPoint"",""coordinates"":[]}"
2021_06_02,15578.0,2021-06-02,"{""type"":""MultiPoint"",""coordinates"":[]}"
2021_06_10,15590.0,2021-06-10,"{""type"":""MultiPoint"",""coordinates"":[]}"
2021_06_18,15602.0,2021-06-18,"{""type"":""MultiPoint"",""coordinates"":[]}"
2021_06_26,15614.0,2021-06-26,"{""type"":""MultiPoint"",""coordinates"":[]}"
2021_07_04,15626.0,2021-07-04,"{""type"":""MultiPoint"",""coordinates"":[]}"
2021_07_12,15638.0,2021-07-12,"{""type"":""MultiPoint"",""coordinates"":[]}"
2021_07_20,15650.0,2021-07-20,"{""type"":""MultiPoint"",""coordinates"":[]}"
2021_07_28,15662.0,2021-07-28,"{""type"":""MultiPoint"",""coordinates"":[]}"
2021_08_05,15674.0,2021-08-05,"{""type"":""MultiPoint"",""coordinates"":[]}"
2021_08_13,15686.0,2021-08-13,"{""type"":""MultiPoint"",""coordinates"":[]}"
2021_08_21,15698.0,2021-08-21,"{""type"":""MultiPoint"",""coordinates"":[]}"
2021_08_29,15710.0,2021-08-29,"{""type"":""MultiPoint"",""coordinates"":[]}"
2021_09_06,15722.0,2021-09-06,"{""type"":""MultiPoint"",""coordinates"":[]}"
2021_09_14,15734.0,2021-09-14,"{""type"":""MultiPoint"",""coordinates"":[]}"
2021_09_22,15746.0,2021-09-22,"{""type"":""MultiPoint"",""coordinates"":[]}"
2021_09_30,15758.0,2021-09-30,"{""type"":""MultiPoint"",""coordinates"":[]}"
2021_10_08,15770.0,2021-10-08,"{""type"":""MultiPoint"",""coordinates"":[]}"
2021_10_16,15782.0,2021-10-16,"{""type"":""MultiPoint"",""coordinates"":[]}"
2021_10_24,15794.0,2021-10-24,"{""type"":""MultiPoint"",""coordinates"":[]}"
2021_11_01,15806.0,2021-11-01,"{""type"":""MultiPoint"",""coordinates"":[]}"
2021_11_09,15818.0,2021-11-09,"{""type"":""MultiPoint"",""coordinates"":[]}"
2021_11_17,15830.0,2021-11-17,"{""type"":""MultiPoint"",""coordinates"":[]}"
2021_11_25,15842.0,2021-11-25,"{""type"":""MultiPoint"",""coordinates"":[]}"
2021_12_03,15854.0,2021-12-03,"{""type"":""MultiPoint"",""coordinates"":[]}"
2021_12_11,15866.0,2021-12-11,"{""type"":""MultiPoint"",""coordinates"":[]}"
2021_12_19,15878.0,2021-12-19,"{""type"":""MultiPoint"",""coordinates"":[]}"
2021_12_27,15890.0,2021-12-27,"{""type"":""MultiPoint"",""coordinates"":[]}"
2022_01_01,15350.0,2022-01-01,"{""type"":""MultiPoint"",""coordinates"":[]}"
2022_01_09,15362.0,2022-01-09,"{""type"":""MultiPoint"",""coordinates"":[]}"
2022_01_17,15374.0,2022-01-17,"{""type"":""MultiPoint"",""coordinates"":[]}"
2022_01_25,15386.0,2022-01-25,"{""type"":""MultiPoint"",""coordinates"":[]}"
2022_02_02,15398.0,2022-02-02,"{""type"":""MultiPoint"",""coordinates"":[]}"
2022_02_10,15410.0,2022-02-10,"{""type"":""MultiPoint"",""coordinates"":[]}"
2022_02_18,15422.0,2022-02-18,"{""type"":""MultiPoint"",""coordinates"":[]}"
2022_02_26,15434.0,2022-02-26,"{""type"":""MultiPoint"",""coordinates"":[]}"
2022_03_06,15446.0,2022-03-06,"{""type"":""MultiPoint"",""coordinates"":[]}"
2022_03_14,15458.0,2022-03-14,"{""type"":""MultiPoint"",""coordinates"":[]}"
2022_03_22,15470.0,2022-03-22,"{""type"":""MultiPoint"",""coordinates"":[]}"
2022_03_30,15482.0,2022-03-30,"{""type"":""MultiPoint"",""coordinates"":[]}"
2022_04_07,15494.0,2022-04-07,"{""type"":""MultiPoint"",""coordinates"":[]}"
2022_04_15,15506.0,2022-04-15,"{""type"":""MultiPoint"",""coordinates"":[]}"
2022_04_23,15518.0,2022-04-23,"{""type"":""MultiPoint"",""coordinates"":[]}"
2022_05_01,15530.0,2022-05-01,"{""type"":""MultiPoint"",""coordinates"":[]}"
2022_05_09,15542.0,2022-05-09,"{""type"":""MultiPoint"",""coordinates"":[]}"
2022_05_17,15554.0,2022-05-17,"{""type"":""MultiPoint"",""coordinates"":[]}"
2022_05_25,15566.0,2022-05-25,"{""type"":""MultiPoint"",""coordinates"":[]}"
2022_06_02,15578.0,2022-06-02,"{""type"":""MultiPoint"",""coordinates"":[]}"
2022_06_10,15590.0,2022-06-10,"{""type"":""MultiPoint"",""coordinates"":[]}"
2022_06_18,15602.0,2022-06-18,"{""type"":""MultiPoint"",""coordinates"":[]}"
2022_06_26,15614.0,2022-06-26,"{""type"":""MultiPoint"",""coordinates"":[]}"
2022_07_04,15626.0,2022-07-04,"{""type"":""MultiPoint"",""coordinates"":[]}"
2022_07_12,15638.0,2022-07-12,"{""type"":""MultiPoint"",""coordinates"":[]}"
2022_07_20,15650.0,2022-07-20,"{""type"":""MultiPoint"",""coordinates"":[]}"
2022_07_28,15662.0,2022-07-28,"{""type"":""MultiPoint"",""coordinates"":[]}"
2022_08_05,15674.0,2022-08-05,"{""type"":""MultiPoint"",""coordinates"":[]}"
2022_08_13,15686.0,2022-08-13,"{""type"":""MultiPoint"",""coordinates"":[]}"
2022_08_21,15698.0,2022-08-21,"{""type"":""MultiPoint"",""coordinates"":[]}"
2022_08_29,15710.0,2022-08-29,"{""type"":""MultiPoint"",""coordinates"":[]}"
2022_09_06,15722.0,2022-09-06,"{""type"":""MultiPoint"",""coordinates"":[]}"
2022_09_14,15734.0,2022-09-14,"{""type"":""MultiPoint"",""coordinates"":[]}"
2022_09_22,15746.0,2022-09-22,"{""type"":""MultiPoint"",""coordinates"":[]}"
2022_09_30,15758.0,2022-09-30,"{""type"":""MultiPoint"",""coordinates"":[]}"
2022_10_08,15770.0,2022-10-08,"{""type"":""MultiPoint"",""coordinates"":[]}"
2022_10_16,15782.0,2022-10-16,"{""type"":""MultiPoint"",""coordinates"":[]}"
2022_10_24,15794.0,2022-10-24,"{""type"":""MultiPoint"",""coordinates"":[]}"
2022_11_01,15806.0,2022-11-01,"{""type"":""MultiPoint"",""coordinates"":[]}"
2022_11_09,15818.0,2022-11-09,"{""type"":""MultiPoint"",""coordinates"":[]}"
2022_11_17,15830.0,2022-11-17,"{""type"":""MultiPoint"",""coordinates"":[]}"
2022_11_25,15842.0,2022-11-25,"{""type"":""MultiPoint"",""coordinates"":[]}"
2022_12_03,15854.0,2022-12-03,"{""type"":""MultiPoint"",""coordinates"":[]}"
2022_12_11,15866.0,2022-12-11,"{""type"":""MultiPoint"",""coordinates"":[]}"
2022_12_19,15878.0,2022-12-19,"{""type"":""MultiPoint"",""coordinates"":[]}"
2022_12_27,15890.0,2022-12-27,"{""type"":""MultiPoint"",""coordinates"":[]}"
2023_01_01,15350.0,2023-01-01,"{""type"":""MultiPoint"",""coordinates"":[]}"
2023_01_09,15362.0,2023-01-09,"{""type"":""MultiPoint"",""coordinates"":[]}"
2023_01_17,15374.0,2023-01-17,"{""type"":""MultiPoint"",""coordinates"":[]}"
2023_01_25,15386.0,2023-01-25,"{""type"":""MultiPoint"",""coordinates"":[]}"
2023_02_02,15398.0,2023-02-02,"{""type"":""MultiPoint"",""coordinates"":[]}"
2023_02_10,15410.0,2023-02-10,"{""type"":""MultiPoint"",""coordinates"":[]}"
2023_02_18,15422.0,2023-02-18,"{""type"":""MultiPoint"",""coordinates"":[]}"
2023_02_26,15434.0,2023-02-26,"{""type"":""MultiPoint"",""coordinates"":[]}"
2023_03_06,15446.0,2023-03-06,"{""type"":""MultiPoint"",""coordinates"":[]}"
2023_03_14,15458.0,2023-03-14,"{""type"":""MultiPoint"",""coordinates"":[]}"
2023_03_22,15470.0,2023-03-22,"{""type"":""MultiPoint"",""coordinates"":[]}"
2023_03_30,15482.0,2023-03-30,"{""type"":""MultiPoint"",""coordinates"":[]}"
2023_04_07,15494.0,2023-04-07,"{""type"":""MultiPoint"",""coordinates"":[]}"
2023_04_15,15506.0,2023-04-15,"{""type"":""MultiPoint"",""coordinates"":[]}"
2023_04_23,15518.0,2023-04-23,"{""type"":""MultiPoint"",""coordinates"":[]}"
2023_05_01,15530.0,2023-05-01,"{""type"":""MultiPoint"",""coordinates"":[]}"
2023_05_09,15542.0,2023-05-09,"{""type"":""MultiPoint"",""coordinates"":[]}"
2023_05_17,15554.0,2023-05-17,"{""type"":""MultiPoint"",""coordinates"":[]}"
2023_05_25,15566.0,2023-05-25,"{""type"":""MultiPoint"",""coordinates"":[]}"
2023_06_02,15578.0,2023-06-02,"{""type"":""MultiPoint"",""coordinates"":[]}"
2023_06_10,15590.0,2023-06-10,"{""type"":""MultiPoint"",""coordinates"":[]}"
2023_06_18,15602.0,2023-06-18,"{""type"":""MultiPoint"",""coordinates"":[]}"
2023_06_26,15614.0,2023-06-26,"{""type"":""MultiPoint"",""coordinates"":[]}"
2023_07_04,15626.0,2023-07-04,"{""type"":""MultiPoint"",""coordinates"":[]}"
2023_07_12,15638.0,2023-07-12,"{""type"":""MultiPoint"",""coordinates"":[]}"
2023_07_20,15650.0,2023-07-20,"{""type"":""MultiPoint"",""coordinates"":[]}"
2023_07_28,15662.0,2023-07-28,"{""type"":""MultiPoint"",""coordinates"":[]}"
2023_08_05,15674.0,2023-08-05,"{""type"":""MultiPoint"",""coordinates"":[]}"
2023_08_13,15686.0,2023-08-13,"{""type"":""MultiPoint"",""coordinates"":[]}"
2023_08_21,15698.0,2023-08-21,"{""type"":""MultiPoint"",""coordinates"":[]}"
2023_08_29,15710.0,2023-08-29,"{""type"":""MultiPoint"",""coordinates"":[]}"
2023_09_06,15722.0,2023-09-06,"{""type"":""MultiPoint"",""coordinates"":[]}"
2023_09_14,15734.0,2023-09-14,"{""type"":""MultiPoint"",""coordinates"":[]}"
2023_09_22,15746.0,2023-09-22,"{""type"":""MultiPoint"",""coordinates"":[]}"
2023_09_30,15758.0,2023-09-30,"{""type"":""MultiPoint"",""coordinates"":[]}"
2023_10_08,15770.0,2023-10-08,"{""type"":""MultiPoint"",""coordinates"":[]}"
2023_10_16,15782.0,2023-10-16,"{""type"":""MultiPoint"",""coordinates"":[]}"
2023_10_24,15794.0,2023-10-24,"{""type"":""MultiPoint"",""coordinates"":[]}"
2023_11_01,15806.0,2023-11-01,"{""type"":""MultiPoint"",""coordinates"":[]}"
2023_11_09,15818.0,2023-11-09,"{""type"":""MultiPoint"",""coordinates"":[]}"
2023_11_17,15830.0,2023-11-17,"{""type"":""MultiPoint"",""coordinates"":[]}"
2023_11_25,15842.0,2023-11-25,"{""type"":""MultiPoint"",""coordinates"":[]}"
2023_12_03,15854.0,2023-12-03,"{""type"":""MultiPoint"",""coordinates"":[]}"
2023_12_11,15866.0,2023-12-11,"{""type"":""MultiPoint"",""coordinates"":[]}"
2023_12_19,15878.0,2023-12-19,"{""type"":""MultiPoint"",""coordinates"":[]}"
2023_12_27,15890.0,2023-12-27,"{""type"":""MultiPoint"",""coordinates"":[]}"
2024_01_01,15350.0,2024-01-01,"{""type"":""MultiPoint"",""coordinates"":[]}"
2024_01_09,15362.0,2024-01-09,"{""type"":""MultiPoint"",""coordinates"":[]}"
2024_01_17,15374.0,2024-01-17,"{""type"":""MultiPoint"",""coordinates"":[]}"
2024_01_25,15386.0,2024-01-25,"{""type"":""MultiPoint"",""coordinates"":[]}"
2024_02_02,15398.0,2024-02-02,"{""type"":""MultiPoint"",""coordinates"":[]}"
2024_02_10,15410.0,2024-02-10,"{""type"":""MultiPoint"",""coordinates"":[]}"
2024_02_18,15422.0,2024-02-18,"{""type"":""MultiPoint"",""coordinates"":[]}"
2024_02_26,15434.0,2024-02-26,"{""type"":""MultiPoint"",""coordinates"":[]}"
2024_03_05,15446.0,2024-03-05,"{""type"":""MultiPoint"",""coordinates"":[]}"
2024_03_13,15458.0,2024-03-13,"{""type"":""MultiPoint"",""coordinates"":[]}"
2024_03_21,15470.0,2024-03-21,"{""type"":""MultiPoint"",""coordinates"":[]}"
2024_03_29,15482.0,2024-03-29,"{""type"":""MultiPoint"",""coordinates"":[]}"
2024_04_06,15494.0,2024-04-06,"{""type"":""MultiPoint"",""coordinates"":[]}"
2024_04_14,15506.0,2024-04-14,"{""type"":""MultiPoint"",""coordinates"":[]}"
2024_04_22,15518.0,2024-04-22,"{""type"":""MultiPoint"",""coordinates"":[]}"
2024_04_30,15530.0,2024-04-30,"{""type"":""MultiPoint"",""coordinates"":[]}"
2024_05_08,15542.0,2024-05-08,"{""type"":""MultiPoint"",""coordinates"":[]}"
2024_05_16,15554.0,2024-05-16,"{""type"":""MultiPoint"",""coordinates"":[]}"
2024_05_24,15566.0,2024-05-24,"{""type"":""MultiPoint"",""coordinates"":[]}"
2024_06_01,15578.0,2024-06-01,"{""type"":""MultiPoint"",""coordinates"":[]}"
2024_06_09,15590.0,2024-06-09,"{""type"":""MultiPoint"",""coordinates"":[]}"
2024_06_17,15602.0,2024-06-17,"{""type"":""MultiPoint"",""coordinates"":[]}"
2024_06_25,15614.0,2024-06-25,"{""type"":""MultiPoint"",""coordinates"":[]}"
2024_07_03,15626.0,2024-07-03,"{""type"":""MultiPoint"",""coordinates"":[]}"
2024_07_11,15638.0,2024-07-11,"{""type"":""MultiPoint"",""coordinates"":[]}"
2024_07_19,15650.0,2024-07-19,"{""type"":""MultiPoint"",""coordinates"":[]}"
2024_07_27,15662.0,2024-07-27,"{""type"":""MultiPoint"",""coordinates"":[]}"
2024_08_04,15674.0,2024-08-04,"{""type"":""MultiPoint"",""coordinates"":[]}"
2024_08_12,15686.0,2024-08-12,"{""type"":""MultiPoint"",""coordinates"":[]}"
2024_08_20,15698.0,2024-08-20,"{""type"":""MultiPoint"",""coordinates"":[]}"
2024_08_28,15710.0,2024-08-28,"{""type"":""MultiPoint"",""coordinates"":[]}"
2024_09_05,15722.0,2024-09-05,"{""type"":""MultiPoint"",""coordinates"":[]}"
2024_09_13,15734.0,2024-09-13,"{""type"":""MultiPoint"",""coordinates"":[]}"
2024_09_21,15746.0,2024-09-21,"{""type"":""MultiPoint"",""coordinates"":[]}"
2024_09_29,15758.0,2024-09-29,"{""type"":""MultiPoint"",""coordinates"":[]}"
2024_10_07,15770.0,2024-10-07,"{""type"":""MultiPoint"",""coordinates"":[]}"
2024_10_15,15782.0,2024-10-15,"{""type"":""MultiPoint"",""coordinates"":[]}"
2024_10_23,15794.0,2024-10-23,"{""type"":""MultiPoint"",""coordinates"":[]}"
2024_10_31,15806.0,2024-10-31,"{""type"":""MultiPoint"",""coordinates"":[]}"
2024_11_08,15818.0,2024-11-08,"{""type"":""MultiPoint"",""coordinates"":[]}"
2024_11_16,15830.0,2024-11-16,"{""type"":""MultiPoint"",""coordinates"":[]}"
2024_11_24,15842.0,2024-11-24,"{""type"":""MultiPoint"",""coordinates"":[]}"
2024_12_02,15854.0,2024-12-02,"{""type"":""MultiPoint"",""coordinates"":[]}"
2024_12_10,15866.0,2024-12-10,"{""type"":""MultiPoint"",""coordinates"":[]}"
2024_12_18,15878.0,2024-12-18,"{""type"":""MultiPoint"",""coordinates"":[]}"
2024_12_26,15890.0,2024-12-26,"{""type"":""MultiPoint"",""coordinates"":[]}"
2025_01_01,15350.0,2025-01-01,"{""type"":""MultiPoint"",""coordinates"":[]}"
2025_01_09,15362.0,2025-01-09,"{""type"":""MultiPoint"",""coordinates"":[]}"
2025_01_17,15374.0,2025-01-17,"{""type"":""MultiPoint"",""coordinates"":[]}"
2025_01_25,15386.0,2025-01-25,"{""type"":""MultiPoint"",""coordinates"":[]}"
2025_02_02,15398.0,2025-02-02,"{""type"":""MultiPoint"",""coordinates"":[]}"
2025_02_10,15410.0,2025-02-10,"{""type"":""MultiPoint"",""coordinates"":[]}"
2025_02_18,15422.0,2025-02-18,"{""type"":""MultiPoint"",""coordinates"":[]}"
2025_02_26,15434.0,2025-02-26,"{""type"":""MultiPoint"",""coordinates"":[]}"
2025_03_06,15446.0,2025-03-06,"{""type"":""MultiPoint"",""coordinates"":[]}"
2025_03_14,15458.0,2025-03-14,"{""type"":""MultiPoint"",""coordinates"":[]}"
2025_03_22,15470.0,2025-03-22,"{""type"":""MultiPoint"",""coordinates"":[]}"
2025_03_30,15482.0,2025-03-30,"{""type"":""MultiPoint"",""coordinates"":[]}"
2025_04_07,15494.0,2025-04-07,"{""type"":""MultiPoint"",""coordinates"":[]}"
2025_04_15,15506.0,2025-04-15,"{""type"":""MultiPoint"",""coordinates"":[]}"
2025_04_23,15518.0,2025-04-23,"{""type"":""MultiPoint"",""coordinates"":[]}"
2025_05_01,15530.0,2025-05-01,"{""type"":""MultiPoint"",""coordinates"":[]}"
2025_05_09,15542.0,2025-05-09,"{""type"":""MultiPoint"",""coordinates"":[]}"
2025_05_17,15554.0,2025-05-17,"{""type"":""MultiPoint"",""coordinates"":[]}"
2025_05_25,15566.0,2025-05-25,"{""type"":""MultiPoint"",""coordinates"":[]}"
2025_06_02,15578.0,2025-06-02,"{""type"":""MultiPoint"",""coordinates"":[]}"
2025_06_10,15590.0,2025-06-10,"{""type"":""MultiPoint"",""coordinates"":[]}"
2025_06_18,15602.0,2025-06-18,"{""type"":""MultiPoint"",""coordinates"":[]}"
2025_06_26,15614.0,2025-06-26,"{""type"":""MultiPoint"",""coordinates"":[]}"
2025_07_04,15626.0,2025-07-04,"{""type"":""MultiPoint"",""coordinates"":[]}"
2025_07_12,15638.0,2025-07-12,"{""type"":""MultiPoint"",""coordinates"":[]}"
2025_07_20,15650.0,2025-07-20,"{""type"":""MultiPoint"",""coordinates"":[]}"
2025_07_28,15662.0,2025-07-28,"{""type"":""MultiPoint"",""coordinates"":[]}"
2025_08_05,15674.0,2025-08-05,"{""type"":""MultiPoint"",""coordinates"":[]}"
2025_08_13,15686.0,2025-08-13,"{""type"":""MultiPoint"",""coordinates"":[]}"
2025_08_21,15698.0,2025-08-21,"{""type"":""MultiPoint"",""coordinates"":[]}"
2025_08_29,15710.0,2025-08-29,"{""type"":""MultiPoint"",""coordinates"":[]}"
2025_09_06,15722.0,2025-09-06,"{""type"":""MultiPoint"",""coordinates"":[]}"
2025_09_14,15734.0,2025-09-14,"{""type"":""MultiPoint"",""coordinates"":[]}"
2025_09_22,15746.0,2025-09-22,"{""type"":""MultiPoint"",""coordinates"":[]}"
2025_09_30,15758.0,2025-09-30,"{""type"":""MultiPoint"",""coordinates"":[]}"
2025_10_08,15770.0,2025-10-08,"{""type"":""MultiPoint"",""coordinates"":[]}"
2025_10_16,15782.0,2025-10-16,"{""type"":""MultiPoint"",""coordinates"":[]}"
2025_10_24,15794.0,2025-10-24,"{""type"":""MultiPoint"",""coordinates"":[]}"
2025_11_01,15806.0,2025-11-01,"{""type"":""MultiPoint"",""coordinates"":[]}"
2025_11_09,15818.0,2025-11-09,"{""type"":""MultiPoint"",""coordinates"":[]}"
2025_11_17,15830.0,2025-11-17,"{""type"":""MultiPoint"",""coordinates"":[]}"
2025_11_25,15842.0,2025-11-25,"{""type"":""MultiPoint"",""coordinates"":[]}"
2025_12_03,15854.0,2025-12-03,"{""type"":""MultiPoint"",""coordinates"":[]}"
2025_12_11,15866.0,2025-12-11,"{""type"":""MultiPoint"",""coordinates"":[]}"
2025_12_19,15878.0,2025-12-19,"{""type"":""MultiPoint"",""coordinates"":[]}"
2025_12_27,15890.0,2025-12-27,"{""type"":""MultiPoint"",""coordinates"":[]}"
2026_01_01,15350.0,2026-01-01,"{""type"":""MultiPoint"",""coordinates"":[]}"
2026_01_09,15362.0,2026-01-09,"{""type"":""MultiPoint"",""coordinates"":[]}"
2026_01_17,15374.0,2026-01-17,"{""type"":""MultiPoint"",""coordinates"":[]}"
2026_01_25,15386.0,2026-01-25,"{""type"":""MultiPoint"",""coordinates"":[]}"
2026_02_02,15398.0,2026-02-02,"{""type"":""MultiPoint"",""coordinates"":[]}"
2026_02_10,15410.0,2026-02-10,"{""type"":""MultiPoint"",""coordinates"":[]}"
2026_02_18,15422.0,2026-02-18,"{""type"":""MultiPoint"",""coordinates"":[]}"
2026_02_26,15434.0,2026-02-26,"{""type"":""MultiPoint"",""coordinates"":[]}"
2026_03_06,15446.0,2026-03-06,"{""type"":""MultiPoint"",""coordinates"":[]}"
2026_03_14,15458.0,2026-03-14,"{""type"":""MultiPoint"",""coordinates"":[]}"
2026_03_22,15470.0,2026-03-22,"{""type"":""MultiPoint"",""coordinates"":[]}"
2026_03_30,15482.0,2026-03-30,"{""type"":""MultiPoint"",""coordinates"":[]}"
2026_04_07,15494.0,2026-04-07,"{""type"":""MultiPoint"",""coordinates"":[]}"
2026_04_15,15506.0,2026-04-15,"{""type"":""MultiPoint"",""coordinates"":[]}"
2026_04_23,15518.0,2026-04-23,"{""type"":""MultiPoint"",""coordinates"":[]}"
2026_05_01,15530.0,2026-05-01,"{""type"":""MultiPoint"",""coordinates"":[]}"
2026_05_09,15542.0,2026-05-09,"{""type"":""MultiPoint"",""coordinates"":[]}"
2026_05_17,15554.0,2026-05-17,"{""type"":""MultiPoint"",""coordinates"":[]}"
2026_05_25,15566.0,2026-05-25,"{""type"":""MultiPoint"",""coordinates"":[]}"
2026_06_02,15578.0,2026-06-02,"{""type"":""MultiPoint"",""coordinates"":[]}"
2026_06_10,15590.0,2026-06-10,"{""type"":""MultiPoint"",""coordinates"":[]}"
2026_06_18,15602.0,2026-06-18,"{""type"":""MultiPoint"",""coordinates"":[]}"
2026_06_26,15614.0,2026-06-26,"{""type"":""MultiPoint"",""coordinates"":[]}"
2026_07_04,15626.0,2026-07-04,"{""type"":""MultiPoint"",""coordinates"":[]}"
2026_07_12,15638.0,2026-07-12,"{""type"":""MultiPoint"",""coordinates"":[]}"
2026_07_20,15650.0,2026-07-20,"{""type"":""MultiPoint"",""coordinates"":[]}"
2026_07_28,15662.0,2026-07-28,"{""type"":""MultiPoint"",""coordinates"":[]}"
2026_08_05,15674.0,2026-08-05,"{""type"":""MultiPoint"",""coordinates"":[]}"
2026_08_13,15686.0,2026-08-13,"{""type"":""MultiPoint"",""coordinates"":[]}"
2026_08_21,15698.0,2026-08-21,"{""type"":""MultiPoint"",""coordinates"":[]}"
2026_08_29,15710.0,2026-08-29,"{""type"":""MultiPoint"",""coordinates"":[]}"
2026_09_06,15722.0,2026-09-06,"{""type"":""MultiPoint"",""coordinates"":[]}"
